chat_id,n_turns,a_hat_full,a_hat_t5,delta_t5,a_hat_t8,delta_t8,a_hat_t10,delta_t10,a_hat_t12,delta_t12,a_hat_t15,delta_t15,a_hat_t20,delta_t20,a_hat_t25,delta_t25,a_hat_t30,delta_t30,a_hat_t40,delta_t40,a_hat_t50,delta_t50,first_stable_t,mal_mean
c0001,31,0.3232790983224739,0.874999998758012,0.5517209004355381,0.7217655130326949,0.39848641471022095,0.6532262264961531,0.3299471281736792,0.6334016992496869,0.310122600927213,0.5585191463554294,0.2352400480329555,0.46680092504865844,0.14352182672618452,0.3905298461731955,0.0672507478507216,0.332812394422925,0.00953329610045106,,,,,25.0,0.8620689655172413
c0002,131,0.09028082739670529,0.874999998758012,0.7847191713613068,0.7665583372108635,0.6762775098141582,0.6951588374994747,0.6048780101027694,0.591113583921865,0.5008327565251597,0.4828231090402851,0.3925422816435798,0.3790879963335454,0.2888071689368401,0.3355379869624123,0.24525715956570704,0.28096769009622147,0.19068686269951618,0.2292091508086163,0.13892832341191103,0.20010801158985644,0.10982718419315116,,0.4806201550387597
c0003,92,0.13634510085461257,0.874999998758012,0.7386548979033994,0.7083947716810175,0.5720496708264049,0.6448361209847849,0.5084910201301723,0.5922453330046888,0.45590023215007625,0.5138151649712739,0.3774700641166613,0.39929318303933586,0.2629480821847233,0.3287687226993535,0.1924236218447409,0.28849477492461933,0.15214967407000676,0.24090747315190833,0.10456237229729576,0.20482931187297077,0.0684842110183582,50.0,0.3829787234042553
c0004,49,0.23734476926016673,0.874999998758012,0.6376552294978453,0.8458849230207024,0.6085401537605357,0.7409486272883231,0.5036038580281563,0.6166505838581195,0.3793058145979528,0.49732653651943554,0.2599817672592688,0.4089771309661182,0.17163236170595148,0.3541153543625078,0.11677058510234106,0.3173098329129941,0.07996506365282735,0.24678207667896893,0.009437307418802193,,,30.0,0.2352941176470588
c0005,35,0.2056509279354261,0.871418924756726,0.6657679968213,0.7509290525450597,0.5452781246096337,0.6457374130643103,0.4400864851288842,0.5595613654309165,0.3539104374954904,0.44587235695404875,0.24022142901862265,0.3111926623760142,0.10554173444058806,0.26585537504279844,0.06020444710737233,0.23586239490788113,0.030211466972455026,,,,,25.0,0.5897435897435898
c0006,92,0.13040146302265518,0.874999998758012,0.7445985357353568,0.7602046675935388,0.6298032045708836,0.688774704396348,0.5583732413736928,0.6254161016347713,0.49501463861211614,0.5315333446939599,0.40113188167130465,0.40443537141859764,0.27403390839594244,0.34429724353501834,0.21389578051236316,0.29524343298224215,0.16484196995958697,0.23606298773979273,0.10566152471713755,0.19599372570832044,0.06559226268566526,50.0,0.2921348314606741
c0007,24,0.3970102484048702,0.9411758166492877,0.5441655682444175,0.7533356704141119,0.35632542200924167,0.6855271028676934,0.28851685446282316,0.6072894717524194,0.21027922334754923,0.5632121553966657,0.1662019069917955,0.4594507479932845,0.0624404995884143,,,,,,,,,20.0,0.3571428571428571
c0008,60,0.1577549991238716,0.874999998758012,0.7172449996341405,0.7648717669046998,0.6071167677808282,0.6938959168291017,0.5361409177052301,0.6152253468454675,0.4574703477215959,0.5019735882879055,0.3442185891640339,0.39003284957621853,0.23227785045234695,0.3267543198198809,0.16899932069600931,0.2818997359405311,0.1241447368166595,0.2206870913261699,0.06293209220229831,0.18193862832970867,0.02418362920583708,40.0,0.9344262295081968
c0009,368,0.03583597692981607,0.874999998758012,0.8391640218281959,0.7414996767225839,0.7056636997927678,0.6365265518307757,0.6006905749009596,0.5347439018336497,0.4989079249038337,0.4639245232172576,0.42808854628744153,0.35403839197287856,0.3182024150430625,0.3009373313513211,0.26510135442150506,0.2633843978715324,0.22754842094171632,0.21563140498069974,0.17979542805088367,0.18909802932542522,0.15326205239560914,,0.832
c0010,27,0.30758694997607067,0.874999998758012,0.5674130487819413,0.8207951543588886,0.5132082043828179,0.668686355981978,0.36109940600590734,0.5571227967328135,0.24953584675674284,0.44540861387974656,0.1378216639036759,0.390146865378075,0.08255991540200436,0.33110294468911644,0.023515994713045774,,,,,,,20.0,0.0
c0011,263,0.05850361492611016,0.874999998758012,0.8164963838319019,0.7194197057258903,0.6609160907997802,0.6117470708444854,0.5532434559183753,0.5484300631467103,0.4899264482206001,0.4738752831685128,0.4153716682424026,0.39977551126219785,0.3412718963360877,0.34602288566846073,0.28751927074235056,0.30433141363561333,0.24582779870950316,0.2461428027458664,0.18763918781975622,0.20889622210158346,0.1503926071754733,,0.5437956204379562
c0012,25,0.28867628884337354,0.7947100435813392,0.5060337547379656,0.6803764923125357,0.3917002034691622,0.5863891270243131,0.2977128381809396,0.5029614167968354,0.21428512795346183,0.4098531546203601,0.12117686577698655,0.32189575631605766,0.03321946747268412,0.28867628884337354,0.0,,,,,,,20.0,0.8604651162790697
c0013,31,0.263047323858243,0.874999998758012,0.611952674899769,0.9153528097838453,0.6523054859256023,0.8998771194240417,0.6368297955657987,0.8500891161815928,0.5870417923233497,0.619185234147968,0.356137910289725,0.41176020261797985,0.14871287875973688,0.33101208443492547,0.06796476057668249,0.27020492869784773,0.007157604839604759,,,,,25.0,0.2258064516129032
c0014,21,0.3610333494299423,0.874999998758012,0.5139666493280697,0.7150156339610861,0.35398228453114383,0.6277832594864954,0.2667499100565531,0.5467783924743096,0.1857450430443673,0.46765373510429287,0.10662038567435056,0.3769584203900707,0.015925070960128407,,,,,,,,,20.0,0.8095238095238095
c0015,26,0.3697561538797587,0.874999998758012,0.5052438448782534,0.7998019684382848,0.4300458145585261,0.7175972871210213,0.34784113324126265,0.7016458051119355,0.33188965123217684,0.6116589021238648,0.24190274824410607,0.45874605923116873,0.08898990535141005,0.3776620918589004,0.007905937979141686,,,,,,,20.0,0.6
c0016,33,0.3413432401747174,0.874999998758012,0.5336567585832946,0.7308807271097618,0.3895374869350444,0.6510413382831225,0.3096980981084051,0.6141074186538203,0.27276417847910295,0.5656510180763986,0.22430777790168122,0.4933546486099116,0.15201140843519417,0.4130413306492404,0.07169809047452302,0.3748040317820779,0.033460791607360485,,,,,25.0,0.1212121212121212
c0017,35,0.301452149018894,0.874999998758012,0.573547849739118,0.8760253273008007,0.5745731782819068,0.7845891128928613,0.48313696387396726,0.6671122034637947,0.36566005444490074,0.5362403610236829,0.2347882120047889,0.4155264451829266,0.11407429616403258,0.3493950491074888,0.04794290008859481,0.3385856966064696,0.03713354758757559,,,,,25.0,0.5
c0018,68,0.17371191863754476,0.874999998758012,0.7012880801204673,0.7083947716810175,0.5346828530434727,0.6448361209847849,0.4711242023472402,0.5922453330046888,0.4185334143671441,0.5138151649712739,0.3401032463337291,0.39929318303933586,0.2255812644017911,0.3287687226993535,0.15505680406180872,0.28849477492461933,0.11478285628707457,0.2409074742682134,0.06719555563066865,0.20482931223316483,0.031117393595620074,40.0,0.2898550724637681
c0019,33,0.2653010613745388,0.874999998758012,0.6096989373834732,0.7147547311010956,0.44945366972655676,0.6465812839173587,0.3812802225428199,0.5606570467854131,0.29535598541087427,0.49264224334778567,0.22734118197324688,0.38362161981984194,0.11832055844530315,0.31821442566981906,0.05291336429528026,0.28383178614680565,0.01853072477226686,,,,,25.0,0.2121212121212121
c0020,46,0.23120501141455052,0.7907379403747864,0.5595329289602359,0.6275896165250029,0.39638460511045237,0.5561376356801969,0.3249326242656464,0.501513855219442,0.2703088438048915,0.4431840713558846,0.2119790599413341,0.38495321423937634,0.15374820282482582,0.3787027708896251,0.1474977594750746,0.3323329333363049,0.1011279219217544,0.24861316303366074,0.017408151619110218,,,40.0,0.02
c0021,18,0.5396029524819554,0.874999998758012,0.3353970462760566,0.8493812350646426,0.30977828258268714,0.7923946407272692,0.25279168824531373,0.6940383567989029,0.15443540431694747,0.595221128723416,0.05561817624146059,,,,,,,,,,,15.0,0.3684210526315789
c0022,110,0.11707738901309397,0.874999998758012,0.7579226097449181,0.7092211050504938,0.5921437160373999,0.6653059638595189,0.548228574846425,0.5789612841551388,0.46188389514204486,0.5119918370467349,0.39491444803364095,0.40324672902864483,0.28616934001555083,0.344335184339546,0.22725779532645204,0.32496280404285127,0.2078854150297573,0.2631264534516989,0.1460490644386049,0.2230745695017404,0.10599718048864643,,0.5462184873949579
c0023,26,0.3771062263237441,0.874999998758012,0.49789377243426797,0.7697118726167743,0.39260564629303024,0.6826072474140399,0.3055010210902958,0.5957902848248096,0.21868405850106548,0.5167084351278958,0.1396022088041517,0.4434245608874389,0.06631833456369485,0.39161650409630494,0.014510277772560864,,,,,,,20.0,0.6896551724137931
c0024,35,0.24093566762166094,0.9017857149570787,0.6608500473354177,0.6252292999714533,0.3842936323497923,0.539263240136225,0.298327572514564,0.522510230646976,0.28157456302531503,0.4464983461536732,0.20556267853201224,0.3698763254076965,0.12894065778603556,0.3201015475565541,0.07916587993489319,0.27363197537897616,0.03269630775731522,,,,,25.0,0.8823529411764706
c0025,17,0.5389455141108739,0.874999998758012,0.33605448464713816,0.6895520545885436,0.15060654047766975,0.6498289837327558,0.11088346962188189,0.6049785943755114,0.0660330802646375,0.5504092464998398,0.01146373238896592,,,,,,,,,,,12.0,0.7058823529411765
c0026,15,0.9483675522732975,0.8292400834236939,0.11912746884960357,0.8892996736161441,0.05906787865715335,0.9290025124147179,0.019365039858579625,0.9423680884535283,0.005999463819769235,0.9483675522732975,0.0,,,,,,,,,,,8.0,0.0
c0027,19,0.6291662390279275,0.874999998758012,0.2458337597300846,0.8519312175775156,0.2227649785495881,0.7765816825905558,0.14741544356262837,0.7679081776885555,0.138741938660628,0.7174087362142418,0.08824249718631438,,,,,,,,,,,15.0,0.0
c0028,20,0.40843327197835994,0.874999998758012,0.4665667267796521,0.7809547311165028,0.3725214591381429,0.6658810446937399,0.25744777271537994,0.5485627502875482,0.14012947830918826,0.4948656085598245,0.08643233658146454,0.40843327197835994,0.0,,,,,,,,,15.0,0.5217391304347826
c0029,37,0.2538068962750399,0.874999998758012,0.6211931024829722,0.7341436142274235,0.4803367179523836,0.6823876920710917,0.42858079579605185,0.600529779083243,0.3467228828082031,0.5045424270301279,0.250735530755088,0.3849693864605372,0.1311624901854973,0.3284270372426469,0.074620140967607,0.2939461704280183,0.04013927415297841,,,,,25.0,0.4736842105263157
c0030,34,0.3084080056385458,0.874999998758012,0.5665919931194663,0.8443504889962282,0.5359424833576825,0.7237442013071742,0.4153361956686284,0.6750164712134193,0.36660846557487353,0.5945762801933934,0.28616827455484756,0.5222631335767558,0.21385512793821,0.4355079558471149,0.12709995020856907,0.3503413126704298,0.04193330703188397,,,,,30.0,0.2285714285714285
c0031,43,0.21333665740713673,0.874999998758012,0.6616633413508753,0.6930376704311044,0.4797010130239677,0.5752583649253369,0.3619217075182002,0.4943874058903114,0.2810507484831747,0.4382431935124193,0.22490653610528258,0.36368609102263155,0.15034943361549483,0.30390203831283713,0.0905653809057004,0.26951321149421187,0.05617655408707514,0.22153148147703378,0.00819482406989705,,,25.0,0.25
c0032,18,0.5364889031925502,0.874999998758012,0.3385110955654619,0.8691095015269931,0.3326205983344429,0.7835752667666251,0.24708636357407499,0.6949627694360215,0.15847386624347137,0.5558856688383204,0.019396765645770198,,,,,,,,,,,15.0,0.2777777777777778
c0033,23,0.3756439826779149,0.874999998758012,0.49935601608009716,0.727829418327348,0.35218543564943317,0.6046925012246324,0.22904851854671748,0.5311431003909365,0.1554991177130216,0.4600315117000706,0.08438752902215574,0.38999512375796885,0.014351141080053975,,,,,,,,,15.0,0.1304347826086956
c0034,15,0.39678661227884787,0.8395748742509509,0.442788261972103,0.7306849950379811,0.33389838275913325,0.6029170891979806,0.20613047691913272,0.5093610879678022,0.11257447568895435,0.39678661227884787,0.0,,,,,,,,,,,15.0,0.2352941176470588
c0035,63,0.17322759403209415,0.874999998758012,0.701772404725918,0.7457470899843032,0.5725194959522091,0.6667960218525038,0.4935684278204096,0.6107825300816484,0.43755493604955426,0.5283710275393729,0.3551434335072788,0.4153143876165954,0.24208679358450125,0.3528006704763529,0.17957307644425874,0.3134608982347561,0.14023330420266195,0.23845487679778904,0.0652272827656949,0.20761815597825556,0.03439056194616141,40.0,0.625
c0036,83,0.1290199085489563,0.874999998758012,0.7459800902090558,0.7895521302786349,0.6605322217296786,0.7451968122257295,0.6161769036767732,0.6868447348283042,0.5578248262793479,0.5840248871932618,0.45500497864430556,0.47424566299397874,0.34522575444502246,0.41225307120714044,0.2832331626581841,0.34949743981728754,0.22047753126833122,0.2758054425690214,0.14678553402006508,0.2213855332943644,0.09236562474540808,50.0,0.2976190476190476
c0037,16,0.5159806988623635,0.874999998758012,0.3590192998956485,0.771840923845699,0.2558602249833355,0.6904037385847602,0.1744230397223967,0.6260137818379351,0.11003308297557157,0.5456366474926291,0.02965594863026555,,,,,,,,,,,15.0,0.7647058823529411
c0038,29,0.3210505963569228,0.874999998758012,0.5539494024010893,0.7126765121171783,0.3916259157602555,0.6091753887036491,0.2881247923467263,0.5513999387084201,0.2303493423514973,0.5059683039647415,0.18491770760781867,0.41426849161600343,0.09321789525908064,0.3576592630620637,0.0366086667051409,,,,,,,20.0,0.3103448275862069
c0039,23,0.42387407349505724,0.874999998758012,0.4511259252629548,0.7279933848491755,0.3041193113541183,0.6460195533985063,0.22214547990344902,0.6017159159958624,0.17784184250080515,0.5208939944835237,0.09701992098846646,0.4325718618996699,0.00869778840461266,,,,,,,,,15.0,0.8260869565217391
c0040,15,0.5569452926868271,0.874999998758012,0.3180547060711849,0.7610819658213978,0.20413667313457062,0.665759701274257,0.10881440858742986,0.5962153451750734,0.03927005248824622,0.5569452926868271,0.0,,,,,,,,,,,12.0,0.6
c0041,71,0.16603760261856984,0.874999998758012,0.7089623961394422,0.7291039124635706,0.5630663098450008,0.6347785717800194,0.4687409691614496,0.6099679178567796,0.4439303152382098,0.6002358410278456,0.43419823840927574,0.4779136958619685,0.3118760932433987,0.3904797801958595,0.22444217757728965,0.33706094071383297,0.17102333809526313,0.28292996808296766,0.11689236546439782,0.22634730284113128,0.060309700222561435,50.0,0.5555555555555556
c0042,40,0.22717099704700724,0.874999998758012,0.6478290017110048,0.7230073511788068,0.4958363541317995,0.6370039062994094,0.4098329092524021,0.5781582548944679,0.35098725784746065,0.5077823946841679,0.2806113976371606,0.4174288388891283,0.19025784184212105,0.34309988260867563,0.11592888556166839,0.29402298460859705,0.0668519875615898,0.22717099704700724,0.0,,,30.0,0.2093023255813953
c0043,28,0.3170303795191955,0.874999998758012,0.5579696192388166,0.6864142185897754,0.36938383907057987,0.5771406881776702,0.2601103086584747,0.520506398909712,0.20347601939051646,0.45303350854768626,0.13600312902849077,0.3967229059186151,0.0796925263994196,0.34586222609348727,0.028831846574291775,,,,,,,20.0,0.7857142857142857
c0044,19,0.43728445361184975,0.874999998758012,0.4377155451461623,0.7359658618095251,0.2986814081976753,0.6690931747414544,0.2318087211296046,0.608007404288882,0.17072295067703225,0.5058181730588027,0.06853371944695297,,,,,,,,,,,15.0,0.32
c0045,39,0.25703107384030555,0.874999998758012,0.6179689249177065,0.6956060808897444,0.43857500704943886,0.6038013433201712,0.34677026947986567,0.5323407311102477,0.27530965726994217,0.4501034225991211,0.19307234875881557,0.3894906377512521,0.13245956391094654,0.3462725658186581,0.08924149197835257,0.3079167925910587,0.05088571875075315,,,,,25.0,0.3877551020408163
c0046,42,0.31949459734061864,0.874999998758012,0.5555054014173935,0.7232094703878974,0.40371487304727877,0.6357453031542146,0.316250705813596,0.6368427576000273,0.31734816025940865,0.6038146687792953,0.2843200714386767,0.5230424699044361,0.2035478725638175,0.45898972920463127,0.13949513186401263,0.42372614746139026,0.10423155012077162,0.33284512507075037,0.013350527730131734,,,40.0,0.0
c0047,73,0.1713779282496698,0.874999998758012,0.7036220705083422,0.7448450733944569,0.5734671451447871,0.6617884483241954,0.49041052007452557,0.607058660470059,0.43568073222038917,0.5200088641643514,0.34863093591468164,0.43518877370745784,0.26381084545778805,0.38480193633096094,0.21342400808129114,0.33396957648088155,0.16259164823121175,0.2816272918739977,0.11024936362432791,0.2318831847625355,0.0605052565128657,50.0,0.0
c0048,26,0.32379417154392165,0.8934650485872055,0.5696708770432839,0.7015627432570866,0.3777685717131649,0.615305556588178,0.29151138504425633,0.6034495460788748,0.27965537453495315,0.5232128922250888,0.19941872068116717,0.38410812099586766,0.060313949451946014,0.3363073315065712,0.012513159962649567,,,,,,,20.0,0.0
c0049,55,0.21583576641341992,0.874999998758012,0.6591642323445921,0.7506654371986609,0.5348296707852409,0.6668794633471348,0.4510436969337148,0.6166507665326907,0.40081500011927074,0.5267730993100594,0.3109373328966395,0.450973516615137,0.2351377502017171,0.37545139937471855,0.15961563296129863,0.332339023807188,0.11650325739376807,0.2659198620892482,0.050084095675828305,0.22109953603615579,0.005263769622735864,40.0,0.0
c0050,19,0.49381940224768706,0.874999998758012,0.381180596510325,0.7288513439138284,0.2350319416661414,0.6738698776639701,0.18005047541628305,0.6189560935734508,0.12513669132576377,0.5639878428548669,0.07016844060717986,,,,,,,,,,,15.0,0.0
c0051,17,0.6375425678258134,0.874999998758012,0.23745743093219862,0.8787315721213006,0.24118900429548717,0.7829155415905765,0.1453729737647631,0.7496843164855915,0.1121417486597781,0.69697759576743,0.05943502794161659,,,,,,,,,,,15.0,0.0
c0052,25,0.31999915614469965,0.874999998758012,0.5550008426133124,0.6904489174582432,0.37044976131354357,0.5940874808164283,0.2740883246717286,0.5395852283123649,0.21958607216766524,0.4664948851216309,0.14649572897693125,0.36832371128458824,0.04832455513988859,0.31999915614469965,0.0,,,,,,,20.0,0.5185185185185185
c0053,40,0.22573182883720613,0.874999998758012,0.6492681699208059,0.6944010690725076,0.46866924023530154,0.6252748460503333,0.39954301721312724,0.5571105583236925,0.3313787294864864,0.4986236372445527,0.2728918084073466,0.3889163732365231,0.16318454439931698,0.3157824320936557,0.09005060325644956,0.2714951700718048,0.04576334123459866,0.22573182883720613,0.0,,,25.0,0.375
c0054,19,0.2920002847900518,0.7781527994311014,0.4861525146410496,0.5770305613102873,0.2850302765202355,0.6014187589965143,0.3094184742064625,0.5585781179641764,0.26657783317412465,0.40944497814304703,0.11744469335299523,,,,,,,,,,,,0.1304347826086956
c0055,37,0.2429740356664579,0.874999998758012,0.6320259630915541,0.7163445689417789,0.47337053327532097,0.6219358536111078,0.3789618179446499,0.5502633754463413,0.3072893397798834,0.4886363845479434,0.2456623488814855,0.38905415051622677,0.14608011484976888,0.3298985871798856,0.08692455151342773,0.2817611041221684,0.03878706845571053,,,,,25.0,0.6486486486486487
c0056,53,0.24684828559282077,0.874999998758012,0.6281517131651912,0.6917451205915278,0.444896834998707,0.5932191410718373,0.34637085547901647,0.5439545934470242,0.29710630785420344,0.48352582067808914,0.23667753508526837,0.4222707686881468,0.17542248309532602,0.39325296590817377,0.146404680315353,0.3516414185385024,0.10479313294568163,0.2819283678505477,0.035080082257726936,0.25626080051966316,0.009412514926842391,40.0,0.0
c0057,78,0.19850851329462077,0.874999998758012,0.6764914854633912,0.8047078319795485,0.6061993186849277,0.6936379633244094,0.49512945002978864,0.5940277524980452,0.3955192392034244,0.4802770399111093,0.28176852661648855,0.3938880426892074,0.19537952939458664,0.3593182315111312,0.1608097182165104,0.34491389470420325,0.14640538140958248,0.3168193225325824,0.11831080923796161,0.2671489405434668,0.068640427248846,50.0,0.7564102564102564
c0058,46,0.24480905266276054,0.874999998758012,0.6301909460952515,0.7384121453571614,0.49360309269440084,0.636150647064722,0.3913415944019615,0.5592220609168401,0.3144130082540796,0.4572919096774485,0.21248285701468794,0.40692520924026004,0.1621161565774995,0.39718948434748863,0.1523804316847281,0.3591470154608253,0.11433796279806474,0.28565205722561005,0.040843004562849505,,,40.0,0.0
c0059,32,0.3570233108930975,0.874999998758012,0.5179766878649146,0.7253967851879167,0.3683734742948192,0.6248129321653534,0.26778962127225586,0.5714829122105598,0.21445960131746228,0.5257827494923754,0.16875943859927783,0.48418473372487075,0.12716142283177323,0.4362556104975277,0.07923229960443018,0.3771473559059704,0.020124045012872904,,,,,25.0,0.0
c0060,21,0.20519215440241256,0.5692097328663449,0.36401757846393235,0.4429073265399224,0.2377151721375098,0.37588587498173526,0.1706937205793227,0.3235040306087846,0.11831187620637201,0.24623227207613407,0.04104011767372151,0.20796039133565322,0.0027682369332406587,,,,,,,,,15.0,0.0
c0061,219,0.04246166970688779,0.7859781214058433,0.7435164516989555,0.5819401529610587,0.5394784832541709,0.5210491696978669,0.47858749999097905,0.4613463495564805,0.4188846798495927,0.41335394313677354,0.37089227342988573,0.31663137904075855,0.27416970933387075,0.2646044956726487,0.2221428259657609,0.22675213087207194,0.18429046116518416,0.1781932098589451,0.1357315401520573,0.14758965710636876,0.10512798739948097,,0.3821138211382114
c0062,214,0.03979181872734349,0.7874996587813998,0.7477078400540563,0.6893726530905496,0.6495808343632061,0.6719259226111082,0.6321341038837647,0.6855059196087093,0.6457141008813658,0.6624866804648236,0.6226948617374801,0.5573945686683299,0.5176027499409864,0.4837713301493146,0.4439795114219711,0.41759673147944937,0.37780491275210587,0.28898884881595366,0.24919703008861016,0.2467165498808498,0.2069247311535063,,0.0
c0063,175,0.09092309241252097,0.874999998758012,0.7840769063454911,0.6898426451928639,0.5989195527803429,0.622203439184539,0.5312803467720181,0.5520746318571869,0.4611515394446659,0.48417461482786284,0.3932515224153419,0.3979461767473184,0.3070230843347974,0.339543818568117,0.24862072615559602,0.31685335577789986,0.22593026336537889,0.281223773719278,0.190300681306757,0.24264229768929543,0.15171920527677446,,0.0722222222222222
c0064,19,0.41353888522223076,0.874999998758012,0.4614611135357813,0.8488602922092832,0.4353214069870524,0.6881514390363592,0.27461255381412847,0.5739286911004369,0.16038980587820612,0.5094351676660019,0.09589628244377119,,,,,,,,,,,15.0,0.0
c0065,70,0.11545831436073016,0.7650561153990214,0.6495978010382912,0.5907676966085497,0.4753093822478195,0.553368047892378,0.43790973353164786,0.4998718383616631,0.3844135240009329,0.42515590626664324,0.30969759190591306,0.3297227360526674,0.2142644216919372,0.26134921931390437,0.1458909049531742,0.22438800511059126,0.1089296907498611,0.17402774884104835,0.05856943448031819,0.14164738998500387,0.02618907562427371,40.0,0.5
c0066,59,0.25627714007016444,0.874999998758012,0.6187228586878476,0.7127006854209227,0.45642354535075824,0.6213700761662831,0.3650929360961187,0.5541223680552448,0.2978452279850804,0.509837955765471,0.25356081569530653,0.46039186960938183,0.2041147295392174,0.41748594187408455,0.1612088018039201,0.3688549499288898,0.11257780985872534,0.31085345476369336,0.054576314693528916,0.2664998799327728,0.010222739862608354,40.0,0.0
c0067,97,0.12286295907404332,0.874999998758012,0.7521370396839687,0.6922312704493009,0.5693683113752576,0.602855046502956,0.47999208742891264,0.5622150095008533,0.43935205042681,0.5134727736315815,0.3906098145575382,0.44387295345763716,0.32100999438359384,0.36431101216480405,0.24144805309076073,0.3105094342064302,0.18764647513238686,0.24371808383040702,0.1208551247563637,0.19711077108265487,0.07424781200861155,50.0,0.2755102040816326
c0068,181,0.04548669473727631,0.5003982543355121,0.4549115595982358,0.37387669607826907,0.3283900013409928,0.3059656964257194,0.2604790016884431,0.2872113901951438,0.24172469545786748,0.2533560641721638,0.20786936943488746,0.2123670571808632,0.1668803624435869,0.18634119769388754,0.14085450295661123,0.1668318138141071,0.12134511907683079,0.13824740405129632,0.09276070931402,0.1169312442645762,0.0714445495272999,40.0,0.0
c0069,19,0.5651482205053073,0.874999998758012,0.3098517782527047,0.8399347585800033,0.274786538074696,0.7380249396464379,0.17287671914113056,0.6869704011046207,0.12182218059931338,0.6855655192558069,0.12041729875049956,,,,,,,,,,,,0.0
c0070,507,0.03469930601875758,0.874999998758012,0.8403006927392545,0.7380279344740097,0.7033286284552521,0.6196457282408738,0.5849464222221162,0.5474336614318187,0.5127343554130611,0.5093011762781863,0.4746018702594287,0.42772405968581245,0.39302475366705486,0.3861545813994263,0.35145527538066873,0.3528235441915886,0.31812423817283103,0.29887588474677707,0.2641765787280195,0.2463057043912662,0.2116063983725086,,0.3184357541899441
c0071,26,0.34291529683973065,0.874999998758012,0.5320847019182814,0.7325980838830867,0.389682787043356,0.665777170925078,0.3228618740853474,0.5993475946526533,0.25643229781292265,0.5084870121762918,0.16557171533656112,0.43604888737424635,0.0931335905345157,0.35484815570423267,0.011932858864502016,,,,,,,20.0,0.0
c0072,79,0.13447505121909137,0.874999998758012,0.7405249475389206,0.7405092887968622,0.6060342375777708,0.664648161696137,0.5301731104770457,0.5958070295963177,0.46133197837722634,0.4817840608105855,0.34730900959149413,0.36354261040777885,0.2290675591886875,0.31971291306082655,0.18523786184173519,0.2765887875509607,0.14211373633186936,0.2302551061003337,0.09578005488124233,0.2014582325440898,0.06698318132499842,40.0,0.2839506172839506
c0073,20,0.4365470466295439,0.874999998758012,0.43845295212846813,0.819287838310061,0.3827407916805171,0.6830266798833496,0.24647963325380573,0.5811401984736998,0.1445931518441559,0.5124009887192884,0.0758539420897445,0.4365470466295439,0.0,,,,,,,,,15.0,0.0
c0074,156,0.10010122896410915,0.874999998758012,0.7748987697939029,0.859062016308842,0.7589607873447329,0.758394841478758,0.6582936125146489,0.6328013181889168,0.5327000892248077,0.4981754072622623,0.3980741782981531,0.41910070015783907,0.3189994711937299,0.347629844524891,0.24752861556078182,0.3137458001218979,0.21364457115778873,0.2739191430720583,0.1738179141079491,0.22271476259696266,0.1226135336328535,,0.189873417721519
c0075,41,0.23790727239299583,0.874999998758012,0.6370927263650162,0.7101245060724786,0.47221723367948276,0.6302629053175832,0.3923556329245874,0.5700446225684832,0.3321373501754874,0.5149201949224538,0.27701292252945797,0.4231355721322949,0.18522829973929908,0.3574107759522021,0.11950350355920628,0.31293642588808046,0.07502915349508463,0.24344760147084574,0.005540329077849904,,,30.0,0.0
c0076,71,0.10811954162606911,0.8113356117944982,0.7032160701684291,0.6993780724121772,0.5912585307861081,0.672238133416096,0.5641185917900269,0.5952408971211164,0.48712135549504726,0.5063795793106842,0.3982600376846151,0.3760478584963696,0.2679283168703005,0.2827383804805031,0.17461883885443397,0.23763725685239512,0.129517715226326,0.17570044842904142,0.06758090680297231,0.14614298527935304,0.03802344365328393,40.0,0.12
c0077,23,0.3467374344059125,0.874999998758012,0.5282625643520995,0.7280181231997,0.38128068879378757,0.6526917173561245,0.30595428295021204,0.5593832824959506,0.21264584809003811,0.4452946193837743,0.09855718497786181,0.3740067726528166,0.02726933824690414,,,,,,,,,15.0,0.0
c0078,26,0.3315113215524443,0.874999998758012,0.5434886772055678,0.8254286908390942,0.4939173692866499,0.7237908176242052,0.3922794960717609,0.6742737089114004,0.3427623873589561,0.5688906918971623,0.23737937034471807,0.42697373748911216,0.09546241593666788,0.3366400757867354,0.0051287542342911,,,,,,,20.0,0.0
c0079,44,0.17345354395035528,0.8078707797709579,0.6344172358206026,0.6085405946241406,0.4350870506737853,0.5204529834926522,0.34699943954229695,0.46777834912525723,0.29432480517490195,0.3942421389298527,0.22078859497949743,0.32190009922014345,0.14844655526978817,0.2788745504709327,0.1054210065205774,0.23743007805169183,0.06397653410133655,0.1892296281206059,0.015776084170250615,,,30.0,0.3454545454545454
c0080,61,0.1669846514011902,0.874999998758012,0.7080153473568218,0.7226283486439066,0.5556436972427163,0.6181231776526285,0.45113852625143824,0.5277633349873471,0.36077868358615683,0.4683380580650491,0.3013534066638589,0.4109180365949338,0.2439333851937436,0.34456537513737107,0.17758072373618086,0.2965651107158379,0.1295804593146477,0.23939354020140083,0.07240888880021062,0.20098469038719982,0.03400003898600962,40.0,0.15
c0081,23,0.37017158984826515,0.874999998758012,0.5048284089097469,0.7485893522916152,0.37841776244335,0.6594478883105401,0.289276298462275,0.5825469585093371,0.21237536866107198,0.48114414664304794,0.1109725567947828,0.4068088836131045,0.036637293764839374,,,,,,,,,20.0,0.7083333333333334
c0082,19,0.45388659812496857,0.874999998758012,0.4211134006330435,0.862961448948706,0.4090748508237374,0.7112574969661332,0.2573708988411646,0.6294227187022402,0.17553612057727164,0.5661450294497985,0.11225843132482993,,,,,,,,,,,,0.0
c0083,111,0.12324987234209084,0.874999998758012,0.7517501264159212,0.8204366939071406,0.6971868215650497,0.7847012907586555,0.6614514184165646,0.739411087559,0.6161612152169091,0.6826411917318908,0.5593913193897999,0.5995790994461908,0.4763292271041,0.46994343087410895,0.3466935585320181,0.42941530871542355,0.3061654363733327,0.30667466067326976,0.18342478833117892,0.25705979913270477,0.13380992679061393,,0.1219512195121951
c0084,88,0.12967484863597048,0.874999998758012,0.7453251501220416,0.6888922494194247,0.5592174007834543,0.5829257659918106,0.4532509173558401,0.5050136294060412,0.37533878077007077,0.4650191753205143,0.33534432668454384,0.37830450744681765,0.24862965881084717,0.33595632365570016,0.20628147501972968,0.3036258975316223,0.1739510488956518,0.25543766758808445,0.12576281895211397,0.21534699605078195,0.08567214741481147,50.0,0.3703703703703703
c0085,247,0.08613154249989019,0.874999998758012,0.7888684562581219,0.8073366172791852,0.721205074779295,0.7240118288348315,0.6378802863349413,0.6270763118415233,0.5409447693416332,0.5294537619418214,0.4433222194419312,0.5392987765616454,0.4531672340617552,0.5032064714365292,0.417074928936639,0.42102485799811884,0.33489331549822865,0.33974437575447297,0.2536128332545828,0.31743294682098466,0.23130140432109447,,0.1003861003861003
c0086,39,0.2085452056165126,0.7741391604636992,0.5655939548471867,0.5889032752319143,0.38035806961540175,0.5218930025274118,0.3133477969108992,0.46005951688158564,0.25151431126507307,0.3787927581828235,0.17024755256631088,0.30888426226258214,0.10033905664606954,0.28180778024098985,0.07326257462447724,0.24999574047029813,0.041450534853785526,,,,,25.0,0.1136363636363636
c0087,58,0.14464471772944146,0.8185122144737077,0.6738674967442663,0.7207059021096531,0.5760611843802117,0.6214182011681899,0.4767734834387485,0.5560278776542013,0.4113831599247598,0.5068964637509382,0.3622517460214968,0.3775040971387498,0.23285937940930831,0.30832247796864903,0.16367776023920758,0.2715365688435887,0.12689185111414722,0.2055011914309613,0.060856473701519836,0.1642388004040306,0.019594082674589147,40.0,0.1694915254237288
c0088,15,0.5285389332040579,0.874999998758012,0.3464610655539542,0.7749666030812106,0.2464276698771527,0.6553064639641007,0.12676753076004288,0.5822957394070383,0.0537568062029804,0.5285389332040579,0.0,,,,,,,,,,,12.0,0.0
c0089,35,0.3629269155992898,0.874999998758012,0.5120730831587222,0.767417297373271,0.4044903817739812,0.649573127801037,0.28664621220174724,0.6358448005044466,0.2729178849051568,0.5637966432829042,0.20086972768361444,0.5135766159061276,0.15064970030683777,0.42449182088376314,0.06156490528447334,0.41550412485211846,0.05257720925282866,,,,,25.0,0.0
c0090,55,0.25731083402044413,0.874999998758012,0.617689164737568,0.8044110134654526,0.5471001794450085,0.7324444468951944,0.47513361287475026,0.6849341994525916,0.42762336543214746,0.6279381895674471,0.37062735554700293,0.5693715372666162,0.312060703246172,0.45686327188189424,0.1995524378614501,0.3654266898359249,0.10811585581548078,0.306210260645564,0.04889942662511987,0.28865329510328513,0.031342461082841,40.0,0.0
c0091,20,0.2793326171409591,0.6155540444052374,0.33622142726427834,0.44039831888998854,0.16106570174902946,0.3670733900572981,0.08774077291633903,0.3413285778037371,0.061995960662778016,0.2693359325716053,0.009996684569353764,0.2793326171409591,0.0,,,,,,,,,10.0,0.074074074074074
c0092,37,0.2262124071630542,0.7909811648257199,0.5647687576626657,0.6789778728276271,0.4527654656645729,0.6251995665114596,0.39898715934840534,0.5608667630628269,0.33465435589977266,0.47037848591261594,0.24416607874956173,0.3618961832125864,0.13568377604953216,0.2939681954006428,0.06775578823758857,0.2618789169028833,0.03566650973982907,,,,,25.0,0.0256410256410256
c0093,73,0.19612618241864388,0.8476946742383722,0.6515684918197283,0.6723402858331323,0.47621410341448844,0.565407615133898,0.36928143271525415,0.5322377567177466,0.33611157429910277,0.48484671317546474,0.28872053075682086,0.4136683373983128,0.21754215497966894,0.3624356633957271,0.1663094809770832,0.3324364218079882,0.13631023938934433,0.30300132388914924,0.10687514147050536,0.2674597622006655,0.0713335797820216,50.0,0.0769230769230769
c0094,460,0.015385599736610056,0.6085714172092718,0.5931858174726617,0.44152201956354875,0.4261364198269387,0.3810318283476589,0.36564622861104884,0.35944804571019207,0.344062445973582,0.36837379940309356,0.3529881996664835,0.35971485754947186,0.3443292578128618,0.3038312960634084,0.28844569632679834,0.2562741885598356,0.24088858882322553,0.20396426089895797,0.18857866116234792,0.16412944269689567,0.14874384296028562,,0.8294243070362474
c0095,183,0.08784833335614788,0.874999998758012,0.7871516654018642,0.6794381089351302,0.5915897755789824,0.6233060719155993,0.5354577385594514,0.5850278731221693,0.4971795397660214,0.5320410903480205,0.4441927569918726,0.4739292811070908,0.3860809477509429,0.4508639138642861,0.3630155805081382,0.3926419146147244,0.30479358125857653,0.3154133070366706,0.2275649736805227,0.25543536894133223,0.16758703558518434,,0.0969162995594713
c0096,428,0.032220268728322496,0.874999998758012,0.8427797300296895,0.7482048522315988,0.7159845835032763,0.6234640070176519,0.5912437382893294,0.5450297721204328,0.5128095033921103,0.5208011065324293,0.48858083780410677,0.42104789062614656,0.38882762189782405,0.3445293690357209,0.3123091003073984,0.2920957080804274,0.2598754393521049,0.24628736587165584,0.21406709714333333,0.20523400560974486,0.17301373688142235,,0.064367816091954
c0097,54,0.23133235004637892,0.874999998758012,0.6436676487116331,0.6852693940543009,0.45393704400792195,0.5961233455058766,0.3647909954594977,0.5504117483089643,0.3190793982625854,0.5071795952921234,0.2758472452457445,0.46550061948176585,0.23416826943538693,0.4288171895366168,0.19748483949023787,0.3944125281550506,0.1630801781086717,0.29832090228551433,0.06698855223913541,0.24132013955830683,0.009987789511927914,40.0,0.320754716981132
c0098,152,0.08350366535775092,0.874999998758012,0.7914963334002612,0.7793908825827491,0.6958872172249982,0.7676028950026608,0.6840992296449099,0.6971982949745285,0.6136946296167776,0.6001439312416931,0.5166402658839422,0.45823722229650016,0.3747335569387492,0.391962854131863,0.30845918877411205,0.3445417196739228,0.2610380543161719,0.2572954259894988,0.17379176063174787,0.19885886345120515,0.11535519809345424,,0.6178343949044586
c0099,47,0.23545001561017906,0.874999998758012,0.639549983147833,0.7111067034494836,0.4756566878393045,0.6652430266226965,0.42979301101251743,0.6058879040329693,0.37043788842279024,0.5085338400386239,0.2730838244284448,0.3995313495846871,0.16408133397450805,0.3426192198455493,0.10716920423537027,0.2972562837863429,0.06180626817616383,0.25307748681786585,0.01762747120768679,,,30.0,0.125
c0100,147,0.08648948345455353,0.874999998758012,0.7885105153034585,0.6671901758238563,0.5807006923693028,0.6062505696712942,0.5197610862167407,0.5281974091641731,0.4417079257096196,0.4512744820789936,0.3647849986244401,0.35368518031734525,0.2671956968627917,0.3094251434015444,0.22293565994699088,0.2884111277209596,0.20192164426640608,0.23727743491945325,0.1507879514648997,0.20607763429291734,0.11958815083836381,,0.0121212121212121
c0101,78,0.12466063740537926,0.8350165995600017,0.7103559621546225,0.6208631188111672,0.49620248140578793,0.53952018280154,0.41485954539616077,0.4841627467553096,0.3595021093499304,0.41571262967295003,0.2910519922675708,0.3116409397789999,0.18698030237362068,0.28395642512327257,0.15929578771789332,0.2415768336496581,0.11691619624427883,0.19277526943928136,0.0681146320339021,0.16524865543364367,0.04058801802826441,40.0,0.0
c0102,68,0.18520788716161188,0.874999998758012,0.6897921115964002,0.7115567183473717,0.5263488311857598,0.6143751322528835,0.4291672450912717,0.5685446100547806,0.3833367228931688,0.4844920704875739,0.29928418332596207,0.4087356600908321,0.22352777292922024,0.36218756572327254,0.17697967856166066,0.31864274753826316,0.13343486037665128,0.2837419371865408,0.0985340500249289,0.24555215243306933,0.06034426527145745,40.0,0.0
c0103,62,0.19201355115161656,0.874999998758012,0.6829864476063955,0.7865475847249552,0.5945340335733387,0.6963019580341127,0.5042884068824961,0.602943645193724,0.41093009404210745,0.5376497698744435,0.3456362187228269,0.4015048653958861,0.20949131424426953,0.34983545583446374,0.15782190468284718,0.32695662322752367,0.1349430720759071,0.27593183489263434,0.08391828374101779,0.2202785986312286,0.028265047479612032,40.0,0.1111111111111111
c0104,51,0.19580380037260792,0.874999998758012,0.6791961983854041,0.663904920133619,0.4681011197610111,0.5563858698826001,0.36058206950999216,0.4859966866441044,0.2901928862714965,0.4352255110023202,0.2394217106297123,0.39542227379293526,0.19961847342032735,0.3364727362436979,0.14066893587108997,0.2966329822244209,0.100829181851813,0.2341719361811543,0.038368135808546394,0.19931723256332162,0.0035134321907137056,40.0,0.0
c0105,57,0.19656432451846534,0.874999998758012,0.6784356742395468,0.7457643910238825,0.5492000665054171,0.630869262367837,0.4343049378493717,0.5645873260763382,0.3680230015578729,0.5238015822948662,0.32723725777640084,0.43520531535736373,0.2386409908388984,0.36985334667083486,0.17328902215236952,0.32651800207072323,0.1299536775522579,0.256304190098786,0.059739865580320684,0.21377826031900332,0.017213935800537983,40.0,0.0
c0106,44,0.2403582165430471,0.874999998758012,0.6346417822149649,0.768321627062691,0.5279634105196439,0.6757407155318003,0.43538249898875314,0.5803504459131461,0.339992229370099,0.519927307819466,0.2795690912764188,0.45049192397903626,0.21013370743598916,0.3772148798570396,0.13685666331399252,0.3230688183238594,0.08271060178081233,0.2631547049624826,0.022796488419435518,,,30.0,0.0
c0107,42,0.23649202422897486,0.874999998758012,0.6385079745290372,0.6959027119174184,0.4594106876884435,0.5784225786370011,0.3419305544080262,0.5240562416690163,0.28756421744004146,0.5221310146538934,0.2856389904249186,0.4222376824922407,0.18574565826326583,0.3550814979532657,0.11858947372429085,0.31316177162639497,0.07666974739742011,0.2445003313126916,0.008008307083716748,,,30.0,0.0
c0108,50,0.1894619612331246,0.874999998758012,0.6855380375248874,0.8041876769446376,0.6147257157115129,0.6573780831930385,0.4679161219599139,0.5588522317691854,0.3693902705360608,0.46131597137424585,0.27185401014112126,0.37804756670616046,0.18858560547303588,0.3379453767649023,0.14848341553177774,0.28960931702024295,0.10014735578711836,0.2271974436133054,0.03773548238018082,0.1894619612331246,0.0,40.0,0.0961538461538461
c0109,50,0.2037163186040736,0.874999998758012,0.6712836801539385,0.6879695773886159,0.4842532587845423,0.5897801776396111,0.3860638590355375,0.5266792330531558,0.3229629144490822,0.4427327365847321,0.2390164179806585,0.40116427818153283,0.19744795957745923,0.3511249240778883,0.1474086054738147,0.3092216449947728,0.10550532639069918,0.24755201536177995,0.04383569675770635,0.2037163186040736,0.0,40.0,0.0
c0110,38,0.19934828014389358,0.8665530906860565,0.6672048105421629,0.7507818817511708,0.5514336016072772,0.615432341053858,0.4160840609099644,0.5313007686916729,0.33195248854777926,0.4399046957070452,0.24055641556315163,0.34600687735716884,0.14665859721327526,0.27264983093626216,0.07330155079236858,0.23420680965584167,0.034858529511948094,,,,,25.0,0.1707317073170731
c0111,44,0.25898123433141285,0.874999998758012,0.6160187644265992,0.7409048028948318,0.481923568563419,0.6132362400454457,0.3542550057140329,0.5327289468538418,0.2737477125224289,0.49426213366142274,0.2352808993300099,0.46977472197948666,0.21079348764807382,0.4102117078064745,0.15123047347506163,0.3312909324085431,0.07230969807713028,0.2821153311860586,0.023134096854645736,,,30.0,0.0
c0112,37,0.2667216010176331,0.7868253014934335,0.5201037004758005,0.6480894120062397,0.3813678109886066,0.6035168946867918,0.3367952936691587,0.5123602880801527,0.24563868706251957,0.4677847089726308,0.2010631079549977,0.42105345095055996,0.15433184993292687,0.35918643613267687,0.09246483511504378,0.3049295100704508,0.038207909052817735,,,,,25.0,0.0
c0113,39,0.2537182518772584,0.874999998758012,0.6212817468807537,0.7391820100512665,0.4854637581740081,0.7215317913066126,0.4678135394293542,0.652029074576806,0.39831082269954765,0.5443548370410878,0.2906365851638294,0.47450973158173293,0.22079147970447455,0.3906267166412209,0.1369084647639625,0.33356814050064015,0.07984988862338177,,,,,30.0,0.0256410256410256
c0114,39,0.2435647212855225,0.874999998758012,0.6314352774724895,0.7511061749244756,0.5075414536389531,0.6538247781502998,0.4102600568647773,0.5730801216282488,0.3295154003427263,0.48795143770749416,0.24438671642197166,0.40909841681899584,0.16553369553347333,0.34311069674030414,0.09954597545478164,0.2884991063349279,0.04493438504940542,,,,,25.0,0.4761904761904761
c0115,24,0.3829479513835876,0.874999998758012,0.49205204737442443,0.7767982702157925,0.3938503188322049,0.7014045878710947,0.3184566364875071,0.6353256763396892,0.25237772495610156,0.5643853431689222,0.18143739178533458,0.42597621872694885,0.04302826734336124,,,,,,,,,20.0,0.0
c0116,27,0.35037695726297247,0.874999998758012,0.5246230414950396,0.6737506713709758,0.3233737141080033,0.6285099271929329,0.2781329699299604,0.5661094175927472,0.21573246032977478,0.4935501024369765,0.14317314517400404,0.4441648634177949,0.09378790615482241,0.37193992032653456,0.02156296306356209,,,,,,,20.0,0.2592592592592592
c0117,32,0.13489963433830604,0.5959977971651624,0.4610981628268564,0.40308639234214055,0.2681867580038345,0.33344328986496846,0.19854365552666242,0.3031147474369492,0.16821511309864318,0.2454411020777417,0.11054146773943566,0.20184434417103314,0.0669447098327271,0.16853981833599133,0.033640183997685286,0.14094274056890987,0.006043106230603834,,,,,20.0,0.0
c0118,20,0.4177600475342771,0.874999998758012,0.45723995122373495,0.7628870259131172,0.3451269783788401,0.6865059875155235,0.2687459399812464,0.6181372865795041,0.20037723904522697,0.5051724924518443,0.08741244491756717,0.4177600475342771,0.0,,,,,,,,,15.0,0.3
c0119,42,0.20474121429033898,0.874999998758012,0.6702587844676731,0.6928808868384916,0.4881396725481526,0.6044062868382892,0.39966507254795025,0.5514360217111778,0.3466948074208388,0.4778603598840898,0.27311914559375083,0.36035489278366445,0.15561367849332547,0.30542749769494026,0.10068628340460128,0.26704431594819306,0.062303101657854076,0.21329316074644183,0.008551946456102855,,,30.0,0.0
c0120,45,0.22279397173827034,0.874999998758012,0.6522060270197417,0.8046051181943488,0.5818111464560785,0.6571844314465527,0.4343904597082824,0.5640994317885125,0.3413054600502422,0.4773360827065165,0.2545421109682462,0.3778808398599165,0.15508686812164615,0.31927595907824713,0.09648198733997679,0.2955041516036958,0.07271017986542547,0.2378029710521992,0.01500899931392885,,,25.0,0.0212765957446808
c0121,43,0.2042415756996733,0.874999998758012,0.6707584230583388,0.7464787679962056,0.5422371922965323,0.6185413236952263,0.414299747995553,0.5650040581495154,0.3607624824498421,0.5093465889659087,0.3051050132662354,0.41257682815303115,0.20833525245335785,0.3310072118503343,0.12676563615066103,0.27633610453507335,0.07209452883540005,0.21972313148838377,0.015481555788710466,,,30.0,0.0
c0122,35,0.23431861236965262,0.7938013629711698,0.5594827506015172,0.6125599361992661,0.37824132382961345,0.5329442080677588,0.29862559569810615,0.4400154808547475,0.20569686848509489,0.3970389176496114,0.1627203052799588,0.35802501026929456,0.12370639789964194,0.3030500035649058,0.06873139119525318,0.2609373425406115,0.026618730170958893,,,,,25.0,0.0
c0123,36,0.28800418853262144,0.874999998758012,0.5869958102253906,0.7215616920129465,0.43355750348032507,0.6249067549101986,0.3369025663775772,0.5284381283155845,0.240433939782963,0.45732891852437924,0.1693247299917578,0.4167994709030307,0.12879528237040927,0.3805840656140469,0.09257987708142545,0.32821301883564746,0.04020883030302602,,,,,25.0,0.0
c0124,23,0.44342792627039856,0.874999998758012,0.4315720724876135,0.735730142410643,0.2923022161402445,0.6819711559561108,0.23854322968571223,0.6402986294919222,0.1968707032215236,0.5706657183651767,0.1272377920947781,0.4843305500427141,0.040902623772315516,,,,,,,,,20.0,0.0
c0125,83,0.12200139858014114,0.627883647126396,0.5058822485462549,0.5759185904609598,0.4539171918808187,0.5472908761529682,0.4252894775728271,0.4389783562483201,0.31697695766817896,0.3575930672673827,0.23559166868724157,0.33340685455025837,0.21140545597011723,0.33341124578748776,0.21140984720734662,0.2576999039365599,0.13569850535641875,0.2476600508278318,0.12565865224769066,0.18708047765048508,0.06507907907034394,50.0,0.0
c0126,15,0.5375954037831631,0.874999998758012,0.337404594974849,0.78614228901193,0.2485468852287669,0.679298224506567,0.1417028207234039,0.6166230214793897,0.07902761769622668,0.5375954037831631,0.0,,,,,,,,,,,12.0,0.0
c0127,19,0.41873842215389684,0.874999998758012,0.4562615766041152,0.7697528150502793,0.3510143928963824,0.7526144880048137,0.33387606585091684,0.6583261340302504,0.23958771187635358,0.5344376728414522,0.11569925068755532,,,,,,,,,,,,0.0
c0128,26,0.2897181215663832,0.887931018575208,0.5982128970088247,0.7124172828667569,0.42269916130037366,0.653600185697848,0.36388206413146473,0.5691624558435725,0.2794443342771893,0.45136878039188233,0.16165065882549912,0.3751113308299831,0.08539320926359989,0.2988619956135232,0.00914387404714001,,,,,,,20.0,0.0
c0129,346,0.051335311477189616,0.874999998758012,0.8236646872808224,0.734042281900882,0.6827069704236924,0.6125343285558978,0.5611990170787082,0.5349493625245904,0.48361405104740074,0.502364206919613,0.4510288954424234,0.41586647548566835,0.36453116400847874,0.3775263254906487,0.32619101401345907,0.3370429112923487,0.2857075998151591,0.27242801380881343,0.2210927023316238,0.2365636871189195,0.1852283756417299,,0.2893258426966292
c0130,142,0.06128168079973547,0.7663668543074796,0.7050851735077441,0.5338863994785596,0.4726047186788242,0.46311206129797133,0.4018303804982359,0.39540181613896896,0.3341201353392335,0.3798696855164914,0.31858800471675597,0.347442246716413,0.28616056591667755,0.31469123014525485,0.2534095493455194,0.2752261312391393,0.21394445043940383,0.22013744013385828,0.1588557593341228,0.18388158049029638,0.1225998996905609,,0.6078431372549019
c0131,36,0.18121249763974134,0.7678307591729169,0.5866182615331755,0.55127354276777,0.3700610451280286,0.5050306668362082,0.3238181691964669,0.4467361970246724,0.26552369938493103,0.37698334338785777,0.19577084574811643,0.29180027907311007,0.11058778143336873,0.24612936694918033,0.06491686930943899,0.21900775289372323,0.03779525525398189,,,,,25.0,0.7804878048780488
c0132,53,0.22102956197829093,0.874999998758012,0.6539704367797211,0.8762826562482333,0.6552530942699424,0.8095616802707725,0.5885321182924815,0.7043232115780927,0.4832936495998018,0.5428065569627976,0.3217769949845066,0.4395959667692362,0.21856640479094525,0.3900531910307773,0.16902362905248636,0.3373737287530106,0.11634416677471965,0.2782244928124406,0.05719493083414967,0.23160204495298237,0.010572482974691433,40.0,0.087719298245614
c0133,29,0.2452445249109021,0.7998563262411806,0.5546118013302785,0.6123586840781283,0.36711415916722623,0.492275464957648,0.24703094004674592,0.4290953956464246,0.18385087073552253,0.36221948223530714,0.11697495732440505,0.3095675959572819,0.0643230710463798,0.2599705999053357,0.014726074994433624,,,,,,,20.0,0.1935483870967742
c0134,48,0.24079775761553626,0.874999998758012,0.6342022411424758,0.9473994474396745,0.7066016898241383,0.7763715386433163,0.5355737810277801,0.6479397793392849,0.4071420217237487,0.5870212278430587,0.3462234702275224,0.48034293589304194,0.23954517827750568,0.3758318043325588,0.13503404671702254,0.342470158367526,0.10167240075198972,0.2844078181858137,0.043610060570277415,,,40.0,0.1071428571428571
c0135,34,0.39998791376226434,0.874999998758012,0.4750120849957477,0.7541680302258574,0.3541801164635931,0.6562308677138665,0.2562429539516022,0.6196340125195249,0.21964609875726054,0.5910842217009833,0.19109630793871896,0.5129304062039166,0.11294249244165228,0.4468206409058776,0.04683272714361325,0.4526215899660204,0.052633676203756086,,,,,25.0,0.0
c0136,77,0.12905226864852368,0.874999998758012,0.7459477301094883,0.7261061779883041,0.5970539093397804,0.6299282168791903,0.5008759482306666,0.5615272714265254,0.43247500277800166,0.4592914239546755,0.3302391553061518,0.3541851881426923,0.2251329194941686,0.3041183174719389,0.17506604882341523,0.2596390048165956,0.1305867361680719,0.21082604680393577,0.08177377815541209,0.18220638654550492,0.05315411789698124,40.0,0.4125
c0137,79,0.20614113050980523,0.874999998758012,0.6688588682482068,0.797180484980688,0.5910393544708828,0.7724381697367783,0.566297039226973,0.7909005408604567,0.5847594103506515,0.8314148805047804,0.6252737499949752,0.8356576621773428,0.6295165316675376,0.5924287526965322,0.38628762218672696,0.5196475657761981,0.3135064352663929,0.4115738926254181,0.20543276211561287,0.2698576735555031,0.06371654304569788,50.0,0.2
c0138,15,0.5387011772983071,0.874999998758012,0.3362988214597049,0.6986483237488608,0.15994714645055363,0.63522167342669,0.09652049612838287,0.5924258439464659,0.05372466664815878,0.5387011772983071,0.0,,,,,,,,,,,10.0,0.0
c0139,36,0.26706223449820177,0.874999998758012,0.6079377642598103,0.956462760690907,0.6894005261927052,0.8569039439715749,0.5898417094733731,0.7233022827701094,0.45624004827190767,0.5841480420789047,0.3170858075807029,0.44857478005051127,0.1815125455523095,0.3588022052487201,0.09173997075051832,0.30041671250958596,0.03335447801138419,,,,,25.0,0.0
c0140,44,0.2797103210124578,0.874999998758012,0.5952896777455543,0.7437300854546457,0.4640197644421879,0.7392320903889577,0.45952176937649986,0.7688086038144855,0.48909828280202766,0.809044745332429,0.5293344243199711,0.7253278357241277,0.44561751471166994,0.5272178422604435,0.24750752124798575,0.40544823462062796,0.12573791360817016,0.29598327492431775,0.016272953911859955,,,40.0,0.0
c0141,22,0.38670674881127376,0.874999998758012,0.4882932499467383,0.7287854070645892,0.3420786582533154,0.6689219205234855,0.2822151717122118,0.6018448168241262,0.2151380680128524,0.505236402352046,0.11852965354077227,0.41493040393401465,0.028223655122740887,,,,,,,,,20.0,0.0
c0142,17,0.4783390057304461,0.874999998758012,0.39666099302756597,0.8449937286553817,0.3666547229249356,0.6964889913152292,0.21814998558478316,0.6182522638053194,0.13991325807487331,0.5215486981714025,0.043209692440956404,,,,,,,,,,,15.0,0.0
c0143,24,0.43374931276846335,0.874999998758012,0.4412506859895487,0.6947046145140618,0.2609553017455985,0.6370938502021072,0.20334453743364383,0.6314435546627012,0.19769424189423784,0.6072129109030137,0.1734635981345503,0.46288576213956706,0.029136449371103712,,,,,,,,,20.0,0.0
c0144,21,0.5197151863179607,0.874999998758012,0.3552848124400514,0.7816622903668331,0.26194710404887245,0.7790072468042419,0.2592920604862813,0.7295895899528659,0.20987440363490528,0.6364471045021755,0.1167319181842148,0.5379680013018746,0.018252814983913956,,,,,,,,,20.0,0.0
c0145,38,0.31538334209625846,0.874999998758012,0.5596166566617535,0.8543946320408772,0.5390112899446187,0.8517358410842241,0.5363524989879656,0.8411052620940823,0.5257219199978238,0.7680302168819603,0.4526468747857018,0.6001471819063864,0.28476383981012793,0.46011595377896397,0.14473261168270551,0.39796179849110386,0.0825784563948454,,,,,30.0,0.0
c0146,18,0.569087645956632,0.874999998758012,0.30591235280138007,0.7898350548764554,0.22074740891982347,0.7126186120614908,0.14353096610485883,0.676129397987876,0.107041752031244,0.6069354385261287,0.037847792569496774,,,,,,,,,,,15.0,0.0
c0147,31,0.3949335863762624,0.874999998758012,0.48006641238174963,0.7860943147971386,0.39116072842087624,0.6949093242539279,0.2999757378776655,0.6227206949952587,0.22778710861899631,0.5636632515741733,0.16872966519791088,0.4733257142519,0.0783921278756376,0.4421073588725409,0.047173772496278465,0.39423760802843677,0.0006959783478256432,,,,,20.0,0.0
c0148,19,0.4845128815513142,0.874999998758012,0.3904871172066978,0.8200564541708775,0.33554357261956325,0.7096123575547478,0.2250994760034336,0.6564335446128092,0.171920663061495,0.5677840956738784,0.08327121412256422,,,,,,,,,,,15.0,0.0
c0149,17,0.6210794714692611,0.874999998758012,0.2539205272887509,0.7832805751530133,0.16220110368375218,0.7206374123181433,0.09955794084888214,0.6294499412895967,0.008370469820335624,0.5955267634835217,0.025552707985739387,,,,,,,,,,,10.0,0.0
c0150,19,0.633057606908593,0.874999998758012,0.24194239184941901,0.7860549195925212,0.15299731268392813,0.7632910105859855,0.13023340367739245,0.7492347269045995,0.11617711999600644,0.7234885591073749,0.09043095219878183,,,,,,,,,,,15.0,0.0
c0151,65,0.132179419551633,0.7621045059349519,0.6299250863833189,0.8261956015364118,0.6940161819847788,0.8330937251600652,0.7009143056084322,0.8469543713693626,0.7147749518177295,0.8606832707506189,0.7285038511989859,0.46327400946471853,0.3310945899130855,0.3179268714242657,0.18574745187263267,0.2675242777567214,0.13534485820508838,0.18643606322916226,0.05425664367752925,0.16110934689092027,0.02892992733928726,40.0,0.0
c0152,74,0.15983239242060004,0.874999998758012,0.7151676063374119,0.8834986814725619,0.7236662890519618,0.804330008038561,0.6444976156179609,0.6592869738370674,0.4994545814164673,0.5247855373290898,0.3649531449084898,0.38988825660370263,0.2300558641831026,0.34009411788312877,0.18026172546252872,0.29011475397330394,0.1302823615527039,0.24221551893018117,0.08238312650958113,0.20543479672416246,0.04560240430356241,40.0,0.0
c0153,19,0.4424462106092112,0.874999998758012,0.43255378814880086,0.8271320100609807,0.3846857994517695,0.7532851958174787,0.31083898520826747,0.6750693039642413,0.23262309335503006,0.5282442996688493,0.08579808905963815,,,,,,,,,,,15.0,0.0
c0154,52,0.25104288196821106,0.874999998758012,0.623957116789801,0.7382506018932415,0.4872077199250305,0.6194254233622528,0.36838254139404175,0.5406645892007536,0.2896217072325425,0.4954930887332244,0.24445020676501333,0.44664579749397004,0.19560291552575898,0.38216996743617077,0.1311270854679597,0.3524090977681777,0.10136621579996663,0.28125259482267945,0.030209712854468385,0.2535067798613533,0.0024638978931422195,40.0,0.5384615384615384
c0155,46,0.307615865463522,0.874999998758012,0.56738413329449,0.6689382087853059,0.36132234332178387,0.5864093924016313,0.27879352693810927,0.5509595169416482,0.24334365147812625,0.5081881198333529,0.2005722543698309,0.46835692610245294,0.16074106063893095,0.4257389438062221,0.11812307834270014,0.4022249098192225,0.0946090443557005,0.33740137085467237,0.02978550539115038,,,30.0,0.0
c0156,17,0.604019760731853,0.874999998758012,0.270980238026159,0.8043485579972152,0.20032879726536212,0.7709533733332676,0.1669336126014146,0.7657772335632708,0.16175747283141773,0.6700228186043894,0.06600305787253635,,,,,,,,,,,15.0,0.0
c0157,43,0.2276559000894094,0.874999998758012,0.6473440986686027,0.7102003925439812,0.48254449245457176,0.6002419802866548,0.3725860801972454,0.5134879721448252,0.28583207205541583,0.42928964674285913,0.20163374665344974,0.38830040449154346,0.16064450440213407,0.3379827289591289,0.1103268288697195,0.3004433709151164,0.07278747082570702,0.2395968687003767,0.0119409686109673,,,30.0,0.0
c0158,21,0.3976694122544288,0.874999998758012,0.47733058650358323,0.6706098870331306,0.2729404747787018,0.5939114167242358,0.19624200446980694,0.5653635205685695,0.16769410831414072,0.4794250022289882,0.0817555899745594,0.4037850043056893,0.006115592051260499,,,,,,,,,15.0,0.0
c0159,22,0.40652088708925477,0.874999998758012,0.4684791116687573,0.8239851495426037,0.41746426245334894,0.7244092739407433,0.3178883868514885,0.6222411825721217,0.21572029548286692,0.5389335578251564,0.13241267073590163,0.43103991903341216,0.024519031944157388,,,,,,,,,20.0,0.0
c0160,25,0.4404789003684698,0.874999998758012,0.4345210983895422,0.8990380803346436,0.4585591799661738,0.8160217506167541,0.37554285024828427,0.6863955659342601,0.24591666556579028,0.5556813467189142,0.11520244635044441,0.4658989695735776,0.02542006920510781,0.4404789003684698,0.0,,,,,,,20.0,0.0
c0161,33,0.2900914570068761,0.874999998758012,0.5849085417511359,0.7072841810478006,0.41719272404092445,0.6017690480884281,0.311677591081552,0.5453783292926913,0.25528687228581515,0.4446438430512181,0.15455238604434202,0.3744911259642747,0.08439966895739859,0.33091185686589325,0.04082039985901714,0.30314039824607303,0.01304894123919692,,,,,20.0,0.0
c0162,34,0.32581652492049296,0.874999998758012,0.5491834738375191,0.7650780775774586,0.43926155265696565,0.7073889803231492,0.3815724554026563,0.6437578672060531,0.31794134228556015,0.5770216067164053,0.2512050817959124,0.4707118824145796,0.14489535749408666,0.3888251216851404,0.06300859676464743,0.3489842167819099,0.023167691861416928,,,,,25.0,0.0
c0163,36,0.26920981783153,0.874999998758012,0.6057901809264821,0.7042712951058188,0.4350614772742888,0.6392998873026877,0.37009006947115775,0.5996780370225812,0.3304682191910512,0.5050558457901418,0.23584602795861187,0.4009594923820237,0.13174967455049374,0.33211097236363235,0.06290115453210238,0.2875932946249278,0.0183834767933978,,,,,25.0,0.0
c0164,25,0.40924591647151987,0.874999998758012,0.4657540822864922,0.7698492779265299,0.36060336145501004,0.6483283974957433,0.23908248102422347,0.5855359811151831,0.17629006464366326,0.5550627474912327,0.14581683101971288,0.4705689209794838,0.06132300450796391,0.40924591647151987,0.0,,,,,,,20.0,0.0
c0165,33,0.2691238818295245,0.874999998758012,0.6058761169284875,0.7091069460247015,0.43998306419517696,0.6186603173301445,0.34953643550061997,0.5635431616024369,0.2944192797729124,0.47062027069145607,0.20149638886193155,0.379537555500316,0.11041367367079147,0.3300628624730786,0.060938980643554075,0.28744948095383227,0.018325599124307757,,,,,25.0,0.0
c0166,36,0.28321170602680384,0.874999998758012,0.5917882927312081,0.7122904247995634,0.42907871877275955,0.6449383711147298,0.361726665087926,0.5575594221863035,0.27434771615949965,0.47652577938730933,0.1933140733605055,0.3725310805989473,0.08931937457214345,0.3585029801421027,0.07529127411529885,0.3310816305205914,0.047869924493787575,,,,,20.0,0.0
c0167,20,0.30791230785934126,0.8817968241376758,0.5738845162783346,0.6976607467244795,0.38974843886513827,0.5496512812427365,0.24173897338339528,0.46191672410694756,0.1540044162476063,0.379586979397966,0.07167467153862472,0.30791230785934126,0.0,,,,,,,,,15.0,0.0
c0168,26,0.45983008902904615,0.874999998758012,0.4151699097289659,0.9000291143337025,0.4401990253046563,0.756675539605992,0.29684545057694584,0.6622404071315969,0.20241031810255078,0.5728341344078546,0.11300404537880843,0.5152996704014898,0.05546958137244368,0.46605312912847713,0.0062230400994309765,,,,,,,20.0,0.0
c0169,39,0.23421065483739584,0.874999998758012,0.6407893439206163,0.7178716802570921,0.4836610254196963,0.6281923196930491,0.3939816648556533,0.5522655951101757,0.31805494027277986,0.4639932478477443,0.22978259301034848,0.38434388758643634,0.1501332327490405,0.3346584945175245,0.10044783968012866,0.29636429346814114,0.0621536386307453,,,,,30.0,0.0
c0170,26,0.3010420381602573,0.874999998758012,0.5739579605977547,0.6854524691380689,0.3844104309778116,0.6059751190824465,0.3049330809221892,0.5344146631903425,0.23337262503008516,0.451198096907097,0.15015605874683968,0.363304534459679,0.062262496299421655,0.30757201183427196,0.006529973674014644,,,,,,,20.0,0.0
c0171,33,0.35869497297209135,0.874999998758012,0.5163050257859207,0.9342086540554863,0.575513681083395,0.7646607493010473,0.405965776328956,0.6831440591349087,0.32444908616281737,0.6132749228418768,0.25457994986978544,0.4381087190655854,0.07941374609349405,0.4386607846631801,0.07996581169108874,0.39576646796322373,0.03707149499113238,,,,,20.0,0.0
c0172,26,0.37394925288546377,0.874999998758012,0.5010507458725483,0.8346069027637896,0.4606576498783258,0.8345075789438091,0.46055832605834535,0.6879473948753555,0.31399814198989173,0.5318904717695453,0.15794121888408152,0.4222646897166221,0.048315436831158354,0.3739227185852365,2.6534300227254448e-05,,,,,,,20.0,0.0
c0173,53,0.20093667789334824,0.874999998758012,0.6740633208646638,0.7083947716810175,0.5074580937876693,0.6448361209847849,0.4438994430914367,0.5922453330046888,0.3913086551113406,0.5138151649712739,0.31287848707792565,0.39929318303933586,0.19835650514598763,0.3287687226993535,0.12783204480600524,0.28849477492461933,0.0875580970312711,0.24090747315190833,0.03997079525856009,0.20482931187297077,0.0038926339796225284,30.0,0.2909090909090909
c0174,53,0.20151644216183212,0.874999998758012,0.6734835565961799,0.7083947716810175,0.5068783295191854,0.6448361209847849,0.4433196788229528,0.5922453330046888,0.3907288908428567,0.5138151649712739,0.31229872280944176,0.39929318303933586,0.19777674087750374,0.3287687226993535,0.12725228053752136,0.28849477492461933,0.08697833276278721,0.24090747315190833,0.03939103099007621,0.20482931187297077,0.003312869711138644,30.0,0.3636363636363636
c0175,49,0.22626091442734053,0.874999998758012,0.6487390843306715,0.6930535602877125,0.46679264586037195,0.61240091374511,0.38613999931776943,0.5616170539683243,0.33535613954098376,0.5160820324854115,0.289821118058071,0.41604384278231826,0.18978292835497773,0.3682825422130503,0.14202162778570976,0.32827962904843816,0.10201871462109763,0.26098180627409234,0.03472089184675181,,,40.0,0.1063829787234042
c0176,81,0.1615302215381022,0.874999998758012,0.7134697772199099,0.6603321989667541,0.4988019774286519,0.5802431384497704,0.4187129169116682,0.5327765883240748,0.3712463667859726,0.47804212092668125,0.31651189938857904,0.42356549711664065,0.26203527557853845,0.3644624226189398,0.2029322010808376,0.3112329613315757,0.14970273979347348,0.23863348550240188,0.07710326396429967,0.20312116721219362,0.04159094567409141,40.0,0.0
c0177,157,0.08512079148229398,0.874999998758012,0.789879207275718,0.862677035875323,0.777556244393029,0.783966056823246,0.698845265340952,0.6494800860817042,0.5643592945994101,0.5127617848061955,0.4276409933239015,0.4037724090496196,0.31865161756732563,0.3368098116741997,0.25168902019190575,0.29195497117261393,0.20683417969031995,0.24732760711089924,0.16220681562860526,0.20731739838716945,0.12219660690487547,,0.0
c0178,44,0.2764121420616397,0.874999998758012,0.5985878566963723,0.6844789285627879,0.4080667865011482,0.6058376739673518,0.32942553190571205,0.540499268638661,0.2640871265770213,0.4955876910288442,0.21917554896720448,0.4131320340593235,0.1367198919976838,0.3662096816675056,0.0897975396058659,0.32026307266827053,0.04385093060663081,0.28830695030268605,0.011894808241046329,,,25.0,0.0227272727272727
c0179,54,0.18397338258049722,0.7831353162306229,0.5991619336501257,0.5520103936707276,0.36803701109023035,0.43285933710333163,0.2488859545228344,0.37940324276125853,0.1954298601807613,0.3496405399028611,0.16566715732236387,0.3453296050031343,0.16135622242263709,0.3350109505484147,0.15103756796791745,0.26266707782956206,0.07869369524906483,0.21263649555337008,0.028663112972872856,0.2020889268550664,0.018115544274569184,30.0,0.0
c0180,64,0.42146623499032737,0.9675715648864768,0.5461053298961493,0.9609745135597884,0.5395082785694609,0.9652847140496119,0.5438184790592846,0.9100697387382938,0.4886035037479664,0.7074513101104717,0.2859850751201443,0.4845438390991262,0.06307760410879881,0.5509325970089242,0.1294663620185968,0.6349903670169252,0.21352413202659787,0.5426018963887418,0.12113566139841442,0.46024014677610114,0.038773911785773774,20.0,0.0
c0181,28,0.3525637975897203,0.874999998758012,0.5224362011682917,0.8031179480187459,0.45055415042902563,0.7878922379540585,0.4353284403643382,0.7009472001458908,0.34838340255617056,0.5794934916071625,0.22692969401744217,0.46909137427816067,0.11652757668844038,0.38389794083698314,0.03133414324726286,,,,,,,25.0,0.0
c0182,19,0.43272045058006453,0.874999998758012,0.4422795481779475,0.7093076684176939,0.27658721783762935,0.6166648753945781,0.18394442481451362,0.5547167135625928,0.12199626298252825,0.5075862332890871,0.07486578270902261,,,,,,,,,,,15.0,0.0
c0183,16,0.487780166614536,0.874999998758012,0.38721983214347605,0.6778850697710156,0.1901049031564796,0.5924179679717624,0.10463780135722639,0.5591378678171245,0.0713577012025885,0.5169961435891083,0.02921597697457229,,,,,,,,,,,12.0,0.0
c0184,18,0.4081174960669459,0.874999998758012,0.4668825026910661,0.7402769866859323,0.3321594906189864,0.6214649286307794,0.21334743256383348,0.5421398718380576,0.13402237577111165,0.46721806819481415,0.059100572127868234,,,,,,,,,,,15.0,0.0
c0185,16,0.43860625105182455,0.874999998758012,0.4363937477061875,0.7058439510728771,0.26723770002105257,0.6222531024975202,0.18364685144569565,0.5589795146401086,0.1203732635882841,0.4665674828683662,0.027961231816541643,,,,,,,,,,,15.0,0.0
c0186,16,0.4773808312767394,0.874999998758012,0.39761916748127263,0.697062013198853,0.21968118192211356,0.5870080556751623,0.10962722439842293,0.5261125378171754,0.04873170654043596,0.49852943450871307,0.02114860323197365,,,,,,,,,,,12.0,0.0
c0187,15,0.6088925949185461,0.874999998758012,0.26610740383946596,0.7564592774827236,0.1475666825641775,0.7692587704717683,0.1603661755532222,0.6897160144902965,0.08082341957175043,0.6088925949185461,0.0,,,,,,,,,,,12.0,0.0
c0188,15,0.4698633034761505,0.874999998758012,0.4051366952818615,0.6980245491406756,0.22816124566452506,0.5860126405077234,0.11614933703157287,0.5359950519961366,0.0661317485199861,0.4698633034761505,0.0,,,,,,,,,,,12.0,0.0
c0189,18,0.504023349728354,0.874999998758012,0.370976649029658,0.7130044301960878,0.20898108046773378,0.6162260970045985,0.11220274727624446,0.5489404448965977,0.044917095168243604,0.5095273909960132,0.005504041267659132,,,,,,,,,,,12.0,0.0
c0190,19,0.3524150506382024,0.874999998758012,0.5225849481198097,0.709526614968802,0.3571115643305996,0.5958322842881443,0.2434172336499419,0.5158265761476025,0.16341152550940014,0.44275119229734894,0.09033614165914655,,,,,,,,,,,15.0,0.0
c0191,26,0.32458385662794365,0.874999998758012,0.5504161421300684,0.7894082079289699,0.4648243513010263,0.6525340104994377,0.32795015387149407,0.5477933059970927,0.2232094493691491,0.47355965134995326,0.1489757947220096,0.39998279773061396,0.07539894110267031,0.3345796164746201,0.009995759846676444,,,,,,,20.0,0.2692307692307692
c0192,293,0.0867494469285418,0.874999998758012,0.7882505518294702,0.9589137870746614,0.8721643401461195,0.9786272956662745,0.8918778487377327,0.8947973896662517,0.8080479427377099,0.705809864774758,0.6190604178462162,0.5221811687613503,0.43543172183280854,0.4626082225267077,0.3758587755981659,0.46938385536121313,0.3826344084326713,0.3761452423676047,0.2893957954390629,0.34014052103691156,0.25339107410836975,,0.1432748538011695
c0193,68,0.1464754238872112,0.874999998758012,0.7285245748708009,0.7196443788648799,0.5731689549776686,0.5977795808735147,0.4513041569863035,0.5323171991475555,0.3858417752603443,0.4967981474919857,0.3503227236047745,0.4179755165024334,0.27150009261522223,0.34645639289437064,0.19998096900715945,0.29001296555471756,0.14353754166750637,0.22497367742404056,0.07849825353682938,0.18963950743429647,0.043164083547085286,40.0,0.2125
