PK_Nr,Sortierklasse,A_cm2,sigma_max,E_mod,n_points,a_hat,k_hat,rmse,method,force_col_header,strain_col_header,QC_flag,grade,density_kg_m3,moisture_pct,failure_mode,grain_angle_class,clamping_pressure,grade_m,outlier_ahat
5,s 10,5.038048,49.52756038896414,13.497973821741208,2672,0.5403583833777761,6.377948086221776,0.0720064604628775,sigmoid,Kraft [kN],e_sensor,1,S10,413.7570237562618,10.548839248305898,Zug-/Schubversagen im Einspannbereich,<7,60 bar,S10,0
11,s 10,5.158092000000001,52.85749238163064,13.098372219346368,2772,0.5306123196725425,6.167735137736301,0.0683312604950847,sigmoid,Kraft [kN],e_sensor,1,S10,405.2851738331503,11.096258441524181,Zug-/Schubversagen,<12,60 bar,S10,0
12,s 10,5.110284999999999,59.93829264170199,17.061633641543164,3811,0.5238235594700965,5.922826287902803,0.059069354139627,sigmoid,Kraft [kN],e_sensor,1,S10,456.4579882479755,11.222436443809261,Schubversagen,<7,60 bar,S10,0
45,s 10,5.163390000000001,39.94280374666643,11.273432260307109,2012,0.5557296704201582,7.439943553052756,0.0796835620593084,sigmoid,Kraft [kN],e_sensor,1,S10,384.8423434044162,10.981969308659437,Zug-/Schubversagen,<12,60 bar,S10,0
48,s 10,5.1619,52.11095205980356,14.826100663188322,2850,0.5319319132166895,6.294289157250563,0.0700069151810142,sigmoid,Kraft [kN],e_sensor,1,S10,393.37040391126106,10.76545000861465,Zug-/Schubversagen im Einspannbereich,<7,80 bar,S10,0
49,s 10,5.163644,42.83568021439898,15.521211394687876,2323,0.5506547104587262,6.827090469922467,0.074608741002742,sigmoid,Kraft [kN],e_sensor,1,S10,404.44657630798105,11.013714219902354,Zug-/Schubversagen,<7,80 bar,S10,0
60,s 10,5.202188,54.97227951248591,13.556416545435466,3205,0.5277030869910454,6.101634183449206,0.0642743730445614,sigmoid,Kraft [kN],e_sensor,1,S10,380.94781871707346,11.525855739321994,Schubversagen,<7,80 bar,S10,0
92,s 10,5.056011,41.396784472235126,11.321804269965725,2133,0.5567884521020372,7.316245449779518,0.0814076487705901,sigmoid,Kraft [kN],e_sensor,1,S10,354.0845561337851,10.590180803055263,Zug-/Schubversagen,<12,60 bar,S10,0
102,s 10,5.151045,46.16235258452412,12.32443436048585,2679,0.5410238929961899,6.669562526834657,0.0699496680678411,sigmoid,Kraft [kN],e_sensor,1,S10,395.18731757174896,11.558178438825923,Zug-/Schubversagen,<7,60 bar,S10,0
107,s 10,5.066121,40.46289881474407,10.8359577002612,2011,0.5574443797995133,7.55050678773765,0.0822921237159685,sigmoid,Kraft [kN],e_sensor,1,S10,392.68568462227876,11.52742057005151,Zug-/Schubversagen,<7,60 bar,S10,0
111,s 10,5.12169,35.55769448780578,14.11547739339898,2184,0.575903841776964,8.404904991686488,0.0779371979299498,sigmoid,Kraft [kN],e_sensor,1,S10,387.40342969612726,10.454090787551106,Zug-/Schubversagen,<7,60 bar,S10,0
129,s 10,5.201395000000001,38.98266489686901,11.369717971733678,1984,0.5577950517022139,7.537532583508949,0.0799292242187072,sigmoid,Kraft [kN],e_sensor,1,S10,383.5439158866883,10.381489524734544,Einspannung,<7,60 bar,S10,0
133,s 10,5.086273,27.78839731960907,10.239630033405655,1375,0.6309958225733746,11.575496180814795,0.0763796272823805,sigmoid,Kraft [kN],e_sensor,1,S10,383.7376388076282,9.691001955507241,Zug-/Schubversagen im Einspannbereich,<7,60 bar,S10,0
136,s 10,5.103152,45.48216903494155,12.533010683601612,2274,0.5430666315537704,6.849079565048253,0.0769200466714405,sigmoid,Kraft [kN],e_sensor,1,S10,383.8688859730667,10.55607348083409,Splitternder Bruch,<7,60 bar,S10,0
140,s 10,5.017881,41.84494006284724,11.395553431591312,2176,0.5550196664108991,7.326456994782918,0.0791963235298493,sigmoid,Kraft [kN],e_sensor,1,S10,397.3492710051374,9.976256280724616,Einspannung,<7,60 bar,S10,0
143,s 10,5.130765,57.32009505405139,13.741271706045724,3001,0.5264736064515617,6.038009302706515,0.0671482093760342,sigmoid,Kraft [kN],e_sensor,1,S10,401.222138315212,10.797818155965041,Zug-/Schubversagen,<7,60 bar,S10,0
156,s 10,5.076191999999999,50.652534850435146,17.004337377364035,2585,0.5347518936149939,6.425196314803482,0.0726280543788241,sigmoid,Kraft [kN],e_sensor,1,S10,446.27678288838706,11.06553779620707,Zug-/Schubversagen an Ästen,<7,60 bar,S10,0
185,s 10,5.15542,52.52788342778087,13.728777448023816,2807,0.5298271106349496,6.28454499611661,0.0689307948834882,sigmoid,Kraft [kN],e_sensor,1,S10,400.61585631721783,10.71032546491683,Zug-/Schubversagen,<7,60 bar,S10,0
195,s 10,5.11161,52.64389470122916,11.15011038637401,3366,0.5298970753750951,6.365338023892821,0.0640923193738031,sigmoid,Kraft [kN],e_sensor,1,S10,366.0546266386037,10.544310703509165,Zug-/Schubversagen im Einspannbereich,<12,60 bar,S10,0
211,s 10,5.154134,21.541002784124355,5.7181814229684615,1075,0.734080455269161,21.30135874956153,0.0727285938824749,sigmoid,Kraft [kN],e_sensor,1,S10,369.03945507518904,8.94214973807934,Zug-/Schubversagen,<12,60 bar,S10,0
214,s 10,5.233178,49.45964255013875,10.559798483723856,2542,0.5341100320076928,6.448793490993014,0.0740820648891889,sigmoid,Kraft [kN],e_sensor,1,S10,363.2122611947066,9.405102777643187,Einspannung,<7,60 bar,S10,0
229,s 10,4.986008,43.06133487075232,12.021030692377032,2101,0.5517046685422667,7.264387062107221,0.0808871015132511,sigmoid,Kraft [kN],e_sensor,1,S10,400.72339073327555,10.509819074154903,Zug-/Schubversagen an Ästen,<7,60 bar,S10,0
254,s 10,5.071778999999999,55.34509408582276,16.289178100003213,2809,0.5286910734806746,6.167568256527778,0.0696115800740964,sigmoid,Kraft [kN],e_sensor,1,S10,447.47651180308884,11.007073046204658,Zug-/Schubversagen im Einspannbereich,<7,60 bar,S10,0
283,s 10,5.213957,46.39525999639046,12.675705301481212,2369,0.539516454445554,6.694397254048764,0.0764222412086637,sigmoid,Kraft [kN],e_sensor,1,S10,379.4946439383552,10.346225145765068,Zug-/Schubversagen,<7,80 bar,S10,0
288,s 10,5.152064,49.5382242073274,14.461993904003386,3053,0.5347629117290791,6.476152217484528,0.0671832769145663,sigmoid,Kraft [kN],e_sensor,1,S10,394.23697030432874,10.492715252399748,Zug-/Schubversagen an Ästen,<7,80 bar,S10,0
297,s 10,5.244993,34.892600488218,11.55913491830068,1813,0.5740345351171552,8.335742253233954,0.0834430149438776,sigmoid,Kraft [kN],e_sensor,1,S10,377.48745858715193,10.257100366011967,Zug-/Schubversagen an Ästen,<7,80 bar,S10,0
301,s 10,5.357489,53.36523731079989,14.043546424404685,2926,0.5273957955121532,6.119355350394208,0.0680935369531456,sigmoid,Kraft [kN],e_sensor,1,S10,388.90086881138194,9.699281940555199,Zug-/Schubversagen,<7,80 bar,S10,0
304,s 10,5.102958,32.49061086849039,9.765200679292304,1620,0.5935915760705747,9.632695795923338,0.0884345265791671,sigmoid,Kraft [kN],e_sensor,1,S10,386.59445960899353,10.235881114142686,Zug-/Schubversagen,<7,80 bar,S10,0
307,s 10,5.11498,29.964626801448883,16.11120944565037,1741,0.6085404905208408,9.083531395340849,0.0655195821991692,sigmoid,Kraft [kN],e_sensor,1,S10,362.41326747042774,10.342489084862898,Zug-/Schubversagen an Ästen,<7,80 bar,S10,0
322,s 10,5.1291,59.919621467460175,15.4077246881213,3548,0.524098111923622,5.9401272163319785,0.0621497566159838,sigmoid,Kraft [kN],e_sensor,1,S10,387.05856068905456,11.14979100371875,Zug-/Schubversagen an Ästen,<7,80 bar,S10,0
326,s 10,5.140176,50.87594824087736,11.950894512886734,2867,0.5343573250772131,6.302459166825315,0.068707273290008,sigmoid,Kraft [kN],e_sensor,1,S10,364.80393863966447,10.798343691136974,Zug-/Schubversagen im Einspannbereich,<7,60 bar,S10,0
331,s 10,5.169288000000001,69.96342508871626,17.251727010460655,3624,0.5160735532844599,5.619544763355274,0.0588134217816959,sigmoid,Kraft [kN],e_sensor,1,S10,426.35147535121314,10.864954867576479,Zug-/Schubversagen im Einspannbereich,<7,80 bar,S10,0
346,s 10,5.053472999999999,50.34238566600634,14.423777479131818,2680,0.5387622910034707,6.3837775332102,0.0730979055365986,sigmoid,Kraft [kN],e_sensor,1,S10,435.8490831422989,11.653751443115794,Zug-/Schubversagen im Einspannbereich,<7,80 bar,S10,0
347,s 10,5.146584,49.47730787911944,19.328364601643784,2499,0.5338105856625547,6.427441186683771,0.0711110603221962,sigmoid,Kraft [kN],e_sensor,1,S10,445.97733595283177,11.13738313117852,Einspannung,<7,100 bar,S10,0
352,s 10,5.1414,33.15461027759949,10.525452629614044,1661,0.5871838130611617,9.205117767313274,0.0867679350782224,sigmoid,Kraft [kN],e_sensor,1,S10,384.8021265288262,11.168338836895849,Zug-/Schubversagen an Ästen,<7,80 bar,S10,0
373,s 10,5.246415,59.46159707986311,15.359743298382137,3250,0.5230889843256743,5.89255374755547,0.0636516683320159,sigmoid,Kraft [kN],e_sensor,1,S10,455.7389478657081,11.030838568699572,Zug-/Schubversagen an Ästen,<7,80 bar,S10,0
374,s 10,5.13536,37.99620273700383,10.23475830972182,1910,0.5630646517773663,7.798559322889194,0.0808360519209346,sigmoid,Kraft [kN],e_sensor,1,S10,370.61857195460226,11.13061106157741,Zug-/Schubversagen an Ästen,<7,80 bar,S10,0
375,s 10,5.136915999999999,47.09151868188034,13.410756179424316,2402,0.538505293703048,6.638804025862978,0.0732533973238706,sigmoid,Kraft [kN],e_sensor,1,S10,423.4691548419937,11.520465649966862,Zug-/Schubversagen an Ästen,<7,100 bar,S10,0
380,s 10,5.11048,35.8732279673338,14.00334225445702,1854,0.5728031997368489,8.2336372636707,0.0802888099367215,sigmoid,Kraft [kN],e_sensor,1,S10,384.95369260310446,10.988511995859882,Zug-/Schubversagen an Ästen,<7,80 bar,S10,0
388,s 10,5.108324,30.77977751056413,12.273826659872592,1794,0.6067926083261447,9.71675600694843,0.0794149383835075,sigmoid,Kraft [kN],e_sensor,1,S10,388.33096365732484,11.887783733807616,Zug-/Schubversagen an Ästen,<7,80 bar,S10,0
399,s 10,5.075639,44.44884073340322,12.648235867701995,2218,0.5459214199912942,6.971438228648385,0.0777441316644574,sigmoid,Kraft [kN],e_sensor,1,S10,399.6480506181753,10.562533496311127,Zug-/Schubversagen,<12,80 bar,S10,0
403,s 10,5.112323,63.53512293970862,15.842364556844355,3339,0.520286246454856,5.815473133489054,0.0622498682259869,sigmoid,Kraft [kN],e_sensor,1,S10,400.65632741991243,11.108174657929577,Spröder Bruch,<12,80 bar,S10,0
428,s 10,5.03838,29.42076193451566,14.704816748675062,1498,0.6173944025724022,10.348557924837042,0.0751626402169245,sigmoid,Kraft [kN],e_sensor,1,S10,403.41254125353026,10.609034557912127,Zug-/Schubversagen an Ästen,<12,80 bar,S10,0
430,s 10,5.16805,61.14462826283607,13.774726176978763,3092,0.5216840476079921,5.89293387963742,0.0654532815804625,sigmoid,Kraft [kN],e_sensor,1,S10,452.78596878786135,10.968792855324242,Zug-/Schubversagen im Einspannbereich,<7,100 bar,S10,0
436,s 10,5.2863,46.986520581503136,13.74948719480566,2980,0.5353929456659373,6.652440347175484,0.0675113927498392,sigmoid,Kraft [kN],e_sensor,1,S10,366.3604053449601,10.462362175546708,Schubversagen,<12,80 bar,S10,0
439,s 10,5.0184,54.11433191480352,15.900849859788146,2820,0.5297942447024694,6.28837148728048,0.0691309304854567,sigmoid,Kraft [kN],e_sensor,1,S10,413.4845693774496,11.233816807548587,Zug-/Schubversagen an Ästen,<12,80 bar,S10,0
444,s 10,5.043991,38.39644601368242,13.2239407344871,1993,0.5649917527303906,7.775965045800844,0.0790349047496949,sigmoid,Kraft [kN],e_sensor,1,S10,386.7896046601006,11.199266063513697,Schubversagen,<7,80 bar,S10,0
445,s 10,5.233596,43.93114994451234,13.888368500110882,2582,0.5452693920951911,6.7841661645311415,0.0721100327617282,sigmoid,Kraft [kN],e_sensor,1,S10,376.0428951316168,10.91469332965374,Zug-/Schubversagen im Einspannbereich,<7,80 bar,S10,0
446,s 10,5.192512,41.09221440533022,13.814385286192788,2093,0.5520797397622493,7.275079955655152,0.0798370576323947,sigmoid,Kraft [kN],e_sensor,1,S10,351.5463130552203,16.809319878079354,Zug-/Schubversagen an Ästen,<7,80 bar,S10,0
448,s 10,5.041269,47.92116748654952,15.27078561269488,2700,0.5395560696117637,6.536830215460338,0.0682843472452972,sigmoid,Kraft [kN],e_sensor,1,S10,375.287940121017,11.206835752368525,Zug-/Schubversagen im Einspannbereich,<12,80 bar,S10,0
456,s 10,5.296896,29.70841650999472,14.37025701061949,1592,0.6069244444694211,10.09194530154953,0.086455152706933,sigmoid,Kraft [kN],e_sensor,1,S10,403.03669994771576,10.662094318149157,Zug-/Schubversagen an Ästen,<7,80 bar,S10,0
461,s 10,5.04596,49.16748993254009,12.327918417932135,3137,0.5389057943443801,6.521200291737808,0.0673445863658911,sigmoid,Kraft [kN],e_sensor,1,S10,404.4362391824881,11.288275676778566,Zug-/Schubversagen im Einspannbereich,<7,80 bar,S10,0
465,s 10,5.076191999999999,50.14996277598445,11.96792179593548,2682,0.5355062113544024,6.457183470912143,0.0711740847930059,sigmoid,Kraft [kN],e_sensor,1,S10,368.599000776655,11.050939093778002,Zug-/Schubversagen im Einspannbereich,<12,80 bar,S10,0
475,s 10,5.1577020000000005,40.018011231067625,10.152421493543134,2147,0.5572467036996125,7.37617551550324,0.0790491322511334,sigmoid,Kraft [kN],e_sensor,1,S10,395.0715851087389,10.32091101475621,Zug-/Schubversagen im Einspannbereich,<7,80 bar,S10,0
484,s 10,5.184512000000001,39.35855531701923,10.62569340176256,2036,0.5591343652953097,7.500634427817058,0.081974303073258,sigmoid,Kraft [kN],e_sensor,1,S10,369.7240047675515,13.869441052100234,Zug-/Schubversagen an Ästen,<7,80 bar,S10,0
485,s 10,5.071234,41.21803659498852,13.29993877440274,2321,0.5561011908065074,7.222414917976799,0.075219033064049,sigmoid,Kraft [kN],e_sensor,1,S10,378.9677571394252,11.04183099967221,Zug-/Schubversagen an Ästen,<7,80 bar,S10,0
488,s 10,5.200348,29.94596580063008,10.516632067910752,1547,0.6084094205058451,10.46392230575428,0.0873152790408167,sigmoid,Kraft [kN],e_sensor,1,S10,382.85824441086646,11.452613934416428,Einspannung,<7,80 bar,S10,0
492,s 10,5.112588000000001,36.56288685153194,12.557561448929528,1927,0.5711837805148674,8.16483112567298,0.0854236951311283,sigmoid,Kraft [kN],e_sensor,1,S10,473.66901056953475,11.346350952231372,Zug-/Schubversagen im Einspannbereich,<7,100 bar,S10,0
505,s 10,5.130719999999999,37.1704158663404,12.245647216141878,1886,0.5683308578808289,8.054444881824814,0.0849851760025385,sigmoid,Kraft [kN],e_sensor,1,S10,445.63305279769776,11.432208364733137,Einspannung,<7,00 bar,S10,0
507,s 10,5.016544,28.61000708356191,10.44463833280354,1395,0.6303802656279578,12.529838313518994,0.0880778780063484,sigmoid,Kraft [kN],e_sensor,1,S10,378.2634412521637,10.797776447305246,Splitternder Bruch,<7,80 bar,S10,0
508,s 10,5.09733,23.842330506853585,9.5635093534415,1330,0.6949102679326489,19.442348840975605,0.0822118357533566,sigmoid,Kraft [kN],e_sensor,1,S10,398.49811196369257,10.766840910709195,Zug-/Schubversagen an Ästen,<7,80 bar,S10,0
513,s 10,4.9698,62.16518867710974,19.53847764683187,3639,0.522969484675274,5.8804888280405,0.0594114248329776,sigmoid,Kraft [kN],e_sensor,1,S10,474.05323809013817,10.837234740863046,Zug-/Schubversagen im Einspannbereich,<7,00 bar,S10,0
523,s 10,5.052063,23.07803167178933,9.174151847308714,1134,0.710406335228216,27.052450554955623,0.0838211569319869,sigmoid,Kraft [kN],e_sensor,1,S10,376.66653842010777,11.655763493641563,Zug-/Schubversagen an Ästen,<7,80 bar,S10,0
525,s 10,5.082336000000001,47.606365059049615,10.741382459197355,2368,0.5395338974617144,6.690504113933321,0.0761692139776444,sigmoid,Kraft [kN],e_sensor,1,S10,420.4442503206102,10.597971842213493,Zug-/Schubversagen,<7,80 bar,S10,0
532,s 10,5.09544,48.2446759381918,11.341246721716203,2413,0.5381689084486445,6.634809649710681,0.0759379481129859,sigmoid,Kraft [kN],e_sensor,1,S10,410.49240306670333,11.662476042086345,Zug-/Schubversagen,<7,80 bar,S10,0
537,s 10,5.102846,44.10137392569754,10.478185219016698,2197,0.5468619328414552,7.051489752470486,0.0804093949751214,sigmoid,Kraft [kN],e_sensor,1,S10,401.2839545540719,12.06788136515886,Spröder Bruch,<12,80 bar,S10,0
546,s 10,5.0508180000000005,65.01440707228016,18.17936717142132,3485,0.5199516994169306,5.788343646503845,0.060853293300309,sigmoid,Kraft [kN],e_sensor,1,S10,463.65695636887875,11.51488154424648,Schubversagen,<7,00 bar,S10,0
547,s 10,5.05008,46.7088477744412,12.072750493329842,2467,0.5429618118164283,6.742924796306199,0.0752363688831076,sigmoid,Kraft [kN],e_sensor,1,S10,396.371003157527,11.154401610605717,Zug-/Schubversagen im Einspannbereich,<7,80 bar,S10,0
567,s 10,5.058144,54.19798852479288,9.712872142963615,3076,0.5283164650678969,6.286260460452491,0.0657037873171969,sigmoid,Kraft [kN],e_sensor,1,S10,395.34184440518,11.542125773081267,Zug-/Schubversagen im Einspannbereich,<7,80 bar,S10,0
572,s 10,5.067084,56.72100514936204,12.943126178156303,2911,0.5275076572235387,6.099979086091012,0.0686812252118117,sigmoid,Kraft [kN],e_sensor,1,S10,385.68823196238964,10.763576572739726,Zug-/Schubversagen im Einspannbereich,<7,80 bar,S10,0
578,s 10,4.990883999999999,55.733891374504005,12.65690288377967,2725,0.5289485271751878,6.21525690815305,0.0709149382864791,sigmoid,Kraft [kN],e_sensor,1,S10,390.0032800308338,11.602832292818263,Zug-/Schubversagen,<7,80 bar,S10,0
175,s 13,5.04482,66.62109754411456,19.70801503404389,3646,0.5177758116209944,5.826209613041208,0.0602483969837354,sigmoid,Kraft [kN],e_sensor,1,S13,501.6657031182776,11.05616674030763,Zug-/Schubversagen im Einspannbereich,<7,60 bar,S13,0
184,s 13,5.100095,36.92551851362573,11.490853574518113,1862,0.5704425791255159,8.160061175218903,0.0853930744615114,sigmoid,Kraft [kN],e_sensor,1,S13,346.59762757842907,10.339119288866359,Zug-/Schubversagen im Einspannbereich,<7,60 bar,S13,0
192,s 13,5.0851500000000005,41.96840309528726,8.672590028023185,2140,0.5507594106828337,7.212298059633737,0.0762876409305282,sigmoid,Kraft [kN],e_sensor,1,S13,344.89007759583944,11.048467696518198,Zug-/Schubversagen im Einspannbereich,<7,60 bar,S13,0
199,s 13,5.04861,36.031599229788,8.82180852004138,1778,0.5757232383792508,8.561301731688616,0.0870219237563943,sigmoid,Kraft [kN],e_sensor,1,S13,319.00111499275556,10.422760296235612,Spröder Bruch,<7,60 bar,S13,0
204,s 13,5.099448,77.2673244486462,38.40074734818288,4131,0.5145501822805386,5.469753674873241,0.0550346429895429,sigmoid,Kraft [kN],e_sensor,1,S13,499.9556553603477,11.128868276042411,Schubversagen,<7,60 bar,S13,0
215,s 13,5.107306,67.96387463126352,20.3095162799078,3449,0.5173084338064465,5.72389437671854,0.0613778922581427,sigmoid,Kraft [kN],e_sensor,1,S13,523.0993086322378,10.550983098702241,Schubversagen,<7,60 bar,S13,0
231,s 13,5.193363,53.06979748117935,17.689926459709163,3218,0.5290356769260833,6.290537642437173,0.0657776936355246,sigmoid,Kraft [kN],e_sensor,1,S13,467.05315104888155,11.172738106245692,Schubversagen,<7,60 bar,S13,0
233,s 13,5.063088,35.0097261234152,10.57330578216139,1738,0.5793222705982869,8.711916793462368,0.084855622750654,sigmoid,Kraft [kN],e_sensor,1,S13,329.14063771163376,9.876404028290738,Zug-/Schubversagen,<7,60 bar,S13,0
336,s 13,5.139944000000001,61.17618937093477,13.66090569606368,3078,0.5218840526554057,5.899108345476214,0.0654508863919716,sigmoid,Kraft [kN],e_sensor,1,S13,463.60886506929137,11.349589580496678,Zug-/Schubversagen im Einspannbereich,<7,60 bar,S13,0
338,s 13,5.228554,34.59767285204475,8.791635019006089,1788,0.5756362855117001,8.42814316070376,0.0829997418406682,sigmoid,Kraft [kN],e_sensor,1,S13,334.6495622689233,11.241799060025912,Zug-/Schubversagen an Ästen,<7,80 bar,S13,0
354,s 13,5.182734,75.53356792476713,23.999981554783687,4209,0.5135741317834561,5.486013958909773,0.0536484143661755,sigmoid,Kraft [kN],e_sensor,1,S13,504.1029744006117,11.3900243925203,Schubversagen,<7,00 bar,S13,0
362,s 13,5.14,77.6967640442607,36.02576264798528,4850,0.5108325711977751,5.621516886594004,0.0522644324095829,sigmoid,Kraft [kN],e_sensor,1,S13,516.4202476653655,11.532110014777327,Zug-/Schubversagen,<7,100 bar,S13,0
383,s 13,5.215617,62.69048336587024,16.521653443502615,3194,0.519844994850264,5.803630673193773,0.0632806039921042,sigmoid,Kraft [kN],e_sensor,1,S13,460.9275302017222,11.291741847640466,Schubversagen,<7,00 bar,S13,0
565,s 13,5.09545,46.68057869030213,10.889740234798952,2462,0.5414471887216699,6.711627749473187,0.0743708665576417,sigmoid,Kraft [kN],e_sensor,1,S13,333.72890381299703,11.204817323325484,Zug-/Schubversagen,<7,80 bar,S13,0
2,s 7,5.112555,38.19918792438419,10.496680301451375,2312,0.5686989501721623,7.3362001485611135,0.0747138864845213,sigmoid,Kraft [kN],e_sensor,1,S7,384.67597507724474,11.033538436711643,Zug-/Schubversagen,<7,60 bar,S7,0
3,s 7,5.099304,53.08400987786765,12.506438048294044,2901,0.5320998602905221,6.244052066240828,0.0688342291325129,sigmoid,Kraft [kN],e_sensor,1,S7,393.89915112763856,11.023115698601604,Zug-/Schubversagen,<7,60 bar,S7,0
9,s 7,5.196890000000001,47.551189419296925,12.123520220860255,2418,0.5377623788089498,6.613260594976872,0.0758123896696388,sigmoid,Kraft [kN],e_sensor,1,S7,376.48853252557177,11.38671159859819,Zug-/Schubversagen im Einspannbereich,<16,60 bar,S7,0
10,s 7,5.131462,45.01334274959066,8.64062611948042,2262,0.5424843094527405,6.792622070084039,0.0740974123237945,sigmoid,Kraft [kN],e_sensor,1,S7,356.52397686404925,11.948537458094332,Zug-/Schubversagen,<16,60 bar,S7,0
14,s 7,5.0851500000000005,25.34013715180476,8.417107892262448,1321,0.6713702926069799,15.193336783731691,0.0842540440131818,sigmoid,Kraft [kN],e_sensor,1,S7,393.10845171092103,11.161235660626174,Zug-/Schubversagen,<12,60 bar,S7,0
20,s 7,5.0298,29.75092666457911,8.592644613320173,1459,0.6130803222113957,10.29597379971664,0.0750999191548691,sigmoid,Kraft [kN],e_sensor,1,S7,389.35421790004176,10.969304238379847,Splitternder Bruch,<12,60 bar,S7,0
25,s 7,5.111304,40.08399507738143,13.652326684041254,1999,0.5576872192726312,7.567452030353266,0.0827992007223168,sigmoid,Kraft [kN],e_sensor,1,S7,390.43854208362575,10.738720065406397,Zug-/Schubversagen,<7,60 bar,S7,0
34,s 7,5.047018,37.32403532640462,11.335100611995507,2264,0.5740820396063151,7.671767385362931,0.0759057817647753,sigmoid,Kraft [kN],e_sensor,1,S7,375.8266026137831,10.6921022888197,Zug-/Schubversagen,<7,60 bar,S7,0
50,s 7,5.036052,32.46712172178723,12.913496460988176,1810,0.5958538020094443,9.272535012646344,0.08667182132998,sigmoid,Kraft [kN],e_sensor,1,S7,382.1923010166375,10.995646920529826,Zug-/Schubversagen,<7,80 bar,S7,0
54,s 7,5.075130000000001,55.300376849952606,10.970966551448113,2840,0.5284358941355096,6.180631575106367,0.0693517219549846,sigmoid,Kraft [kN],e_sensor,1,S7,387.6084732725094,10.86298198244914,Spröder Bruch,<16,80 bar,S7,0
57,s 7,4.999955,57.77247698354286,13.336928329348927,3232,0.5268437935506894,6.096607111709094,0.0645353007751776,sigmoid,Kraft [kN],e_sensor,1,S7,389.4901255440853,11.033304639997896,Zug-/Schubversagen im Einspannbereich,<16,80 bar,S7,0
61,s 7,5.206440000000001,78.43178652303685,17.650686890824296,4810,0.5109658688143246,5.558681186234268,0.0528488579601109,sigmoid,Kraft [kN],e_sensor,1,S7,458.9815991875344,11.097400412381813,Einspannung,<7,100 bar,S7,0
62,s 7,5.163644,46.90754197157086,11.854573093801662,2393,0.5391774113970412,6.649560700111842,0.0746653789300259,sigmoid,Kraft [kN],e_sensor,1,S7,425.3301007584248,11.154161954108055,Einspannung,<7,80 bar,S7,0
63,s 7,5.143911999999999,37.89034675845932,9.244393639738073,1909,0.5644369663592351,7.931965283976691,0.0843722640530598,sigmoid,Kraft [kN],e_sensor,1,S7,404.2327836416327,11.208675534629641,Spröder Bruch,<12,80 bar,S7,0
70,s 7,5.107432,30.35965109581978,14.13324545397591,1510,0.604271554967002,9.841116944311604,0.0759899116675776,sigmoid,Kraft [kN],e_sensor,1,S7,415.0112407914546,11.289179504654786,Splitternder Bruch,<7,60 bar,S7,0
77,s 7,5.124550999999999,44.47158669364399,11.779346865119072,2230,0.5445800569429804,6.909617060940124,0.0768673840746454,sigmoid,Kraft [kN],e_sensor,1,S7,372.82976148555946,10.817265244510978,Splitternder Bruch,<7,60 bar,S7,0
79,s 7,5.177008,36.66922951080044,13.107030069475488,2206,0.5705224675847117,7.847476612063126,0.0757729252741367,sigmoid,Kraft [kN],e_sensor,1,S7,428.09727156651604,11.387835570736659,Zug-/Schubversagen,<7,60 bar,S7,0
81,s 7,5.12577,60.540111534462135,13.828218245285214,3389,0.5232651753387199,5.920386002196165,0.0633081154057574,sigmoid,Kraft [kN],e_sensor,1,S7,386.5493385790031,10.707169240222164,Zug-/Schubversagen,<7,60 bar,S7,0
90,s 7,5.01498,33.20295363839935,12.578723085747278,1637,0.5892316260267706,9.054402533534027,0.0786039988014269,sigmoid,Kraft [kN],e_sensor,1,S7,417.50415333858376,10.753954580214094,Einspannung,<7,60 bar,S7,0
91,s 7,5.16395,55.71363052387223,16.064706107276525,2808,0.5266219702760612,6.108296832612499,0.0688983933511232,sigmoid,Kraft [kN],e_sensor,1,S7,441.42290670805795,11.19177637344999,Zug-/Schubversagen,<7,60 bar,S7,0
99,s 7,5.075391000000001,43.14019538100611,9.472175840994224,2234,0.5513998797131507,7.051968747890888,0.0794608739078381,sigmoid,Kraft [kN],e_sensor,1,S7,37.709170412869796,11.0,Zug-/Schubversagen im Einspannbereich,<7,60 bar,S7,0
101,s 7,4.996986000000001,50.30662170656471,18.370975000383183,3403,0.540160064362604,6.277519256325973,0.064746349561065,sigmoid,Kraft [kN],e_sensor,1,S7,495.7205139393703,11.484562585155428,Einspannung,<7,60 bar,S7,0
106,s 7,5.189928,46.958672433654186,9.58746034978364,2701,0.5388154131857827,6.5801231499918025,0.0699399751826432,sigmoid,Kraft [kN],e_sensor,1,S7,375.76293294158785,10.745933397617236,Zug-/Schubversagen,<7,60 bar,S7,0
114,s 7,5.050734,45.34382326286634,12.61325448517812,2239,0.5442365519735618,6.89735315770396,0.0771376068346374,sigmoid,Kraft [kN],e_sensor,1,S7,393.6062937838086,10.554789959982042,Einspannung,<7,60 bar,S7,0
115,s 7,5.022017,45.21648746907866,11.95639203308574,3574,0.5516367338222914,6.53630511279571,0.0643885574018862,sigmoid,Kraft [kN],e_sensor,1,S7,445.16036738021677,10.76552193672323,Zug-/Schubversagen an Ästen,<7,60 bar,S7,0
120,s 7,5.107956,28.32557122347472,21.246694074974556,1610,0.6069980639655654,8.648250584600994,0.0477757898244849,sigmoid,Kraft [kN],e_sensor,1,S7,374.1945536820683,9.856755974074503,Schubversagen,<7,80 bar,S7,0
121,s 7,5.102215999999999,36.173731454381794,9.879794559370437,1819,0.5730707208889766,8.265448808686966,0.0837464369758741,sigmoid,Kraft [kN],e_sensor,1,S7,376.45499614861706,10.390453003778633,Spröder Bruch,<7,80 bar,S7,0
122,s 7,5.155990000000001,50.93939812601459,13.854007204355378,2569,0.5326171762937048,6.374596772944367,0.0724748783566236,sigmoid,Kraft [kN],e_sensor,1,S7,403.317702763757,10.718156696690592,Splitternder Bruch,<7,60 bar,S7,0
125,s 7,5.187672,24.50969185937353,10.71667933375532,1523,0.6460717009672703,13.860582743421231,0.0826342304429462,sigmoid,Kraft [kN],e_sensor,1,S7,378.9193124126209,10.276972527437968,Zug-/Schubversagen,<7,60 bar,S7,0
126,s 7,5.18035,31.449442816363764,10.039909596925792,1957,0.6022364832768539,8.698676913953603,0.0762590559651872,sigmoid,Kraft [kN],e_sensor,1,S7,394.610057025805,10.311281774793683,Zug-/Schubversagen,<12,60 bar,S7,0
127,s 7,5.128559999999999,36.74300220846593,7.826704661879323,1846,0.567325078033522,7.960371358270937,0.078802825069559,sigmoid,Kraft [kN],e_sensor,1,S7,394.09451438991283,10.371871560983221,Zug-/Schubversagen,<7,60 bar,S7,0
128,s 7,5.139456,60.638816120568016,17.203747818533678,3601,0.5236554748722659,5.827845949790299,0.0602678135960349,sigmoid,Kraft [kN],e_sensor,1,S7,421.4347061373013,10.949060784531236,Schubversagen,<7,60 bar,S7,0
141,s 7,5.107374,36.40936231980466,9.09270791817453,1813,0.57122590900829,8.274358348102808,0.0845646828332549,sigmoid,Kraft [kN],e_sensor,1,S7,388.9609798347038,10.621135215453851,Splitternder Bruch,<16,60 bar,S7,0
142,s 7,5.081208,48.87194455039037,12.607405591996113,2433,0.5374380624493451,6.60146570169282,0.0758770324749991,sigmoid,Kraft [kN],e_sensor,1,S7,375.7170432764902,10.897504449177363,Splitternder Bruch,<7,60 bar,S7,0
145,s 7,5.11545,41.05702455306962,12.914541725288691,2081,0.5544255034327983,7.413637185590555,0.0823465773975855,sigmoid,Kraft [kN],e_sensor,1,S7,416.5049177560714,10.960965534929667,Zug-/Schubversagen,<16,60 bar,S7,0
152,s 7,5.064048,53.19948123763835,14.17887413789328,2824,0.5308219403713285,6.294921039614659,0.0690325948045665,sigmoid,Kraft [kN],e_sensor,1,S7,421.01650760396507,10.314887117850528,Zug-/Schubversagen,<7,60 bar,S7,0
159,s 7,5.081328,20.575343366807846,10.26327548934309,1024,0.7680859325018425,26.75177409178198,0.0775602152818489,sigmoid,Kraft [kN],e_sensor,1,S7,442.2644457915865,10.466419993712357,Zug-/Schubversagen an Ästen,<7,60 bar,S7,0
166,s 7,5.093364,45.13295617959957,12.705133190440732,2578,0.5456813820951659,6.7721202099006295,0.0724484278559953,sigmoid,Kraft [kN],e_sensor,1,S7,393.8086618773001,10.324969651724489,Schubversagen,<7,60 bar,S7,0
169,s 7,5.073156,43.72592089987968,14.673581375586693,2197,0.5479885578927938,7.08641137284832,0.079633194197214,sigmoid,Kraft [kN],e_sensor,1,S7,430.4271531801796,10.796123718247971,Schubversagen,<7,60 bar,S7,0
171,s 7,5.05505,59.15280187015954,17.190073518684123,3601,0.525513847301182,5.978780266530745,0.0615831708214462,sigmoid,Kraft [kN],e_sensor,1,S7,422.52311662282216,11.200702885004917,Zug-/Schubversagen,<7,60 bar,S7,0
173,s 7,5.126441000000001,53.3108070552748,12.132690450216218,2853,0.531414258015126,6.180313562766762,0.0692000689832638,sigmoid,Kraft [kN],e_sensor,1,S7,381.4746695037471,11.012440367216609,Zug-/Schubversagen im Einspannbereich,<7,60 bar,S7,0
174,s 7,5.146050000000001,36.10958283537859,12.598047676199725,1809,0.5714966806093703,8.310729030152226,0.0853528976607419,sigmoid,Kraft [kN],e_sensor,1,S7,394.2572425069112,10.487295414653993,Zug-/Schubversagen an Ästen,<7,60 bar,S7,0
178,s 7,5.136924,32.16818232321522,11.509248916895656,2403,0.5790900416160724,7.68408713800587,0.0901846348567494,sigmoid,Kraft [kN],e_sensor,1,S7,364.2874186610877,9.820583980230307,Zug-/Schubversagen an Ästen,<7,60 bar,S7,0
180,s 7,5.136828,38.30297622993217,11.48940697220274,1966,0.5631917065271663,7.860235843611096,0.0831108047546031,sigmoid,Kraft [kN],e_sensor,1,S7,409.9592344123665,10.752319910480557,Spröder Bruch,<7,60 bar,S7,0
183,s 7,5.153946,31.601467275632107,12.489253136936744,1928,0.6014991078843326,8.924832848936495,0.0785303183952949,sigmoid,Kraft [kN],e_sensor,1,S7,380.9062697044837,10.520994183987241,Einspannung,<7,60 bar,S7,0
187,s 7,5.10959,34.115498687272364,23.37987322243848,1821,0.5837769740361293,8.605133946404834,0.0826943771931052,sigmoid,Kraft [kN],e_sensor,1,S7,475.4798864047949,10.903046505330543,Zug-/Schubversagen im Einspannbereich,<7,60 bar,S7,0
190,s 7,5.126253,55.05919113824464,11.32603111070113,2772,0.5274074633058121,6.134611764647941,0.0684422139279128,sigmoid,Kraft [kN],e_sensor,1,S7,368.94073820260854,10.733423777636478,Zug-/Schubversagen,<16,60 bar,S7,0
198,s 7,5.005856,47.1767192826262,11.707401980011104,2340,0.5418514229375964,6.794492388207281,0.0767012408577893,sigmoid,Kraft [kN],e_sensor,1,S7,387.6592152993134,10.61271748594,Spröder Bruch,<7,60 bar,S7,0
223,s 7,5.083983,63.50198797748734,13.390177431144076,3234,0.5217083552442663,5.820292710415622,0.0640734917415524,sigmoid,Kraft [kN],e_sensor,1,S7,455.9016541479221,10.308297462814838,Splitternder Bruch,<12,60 bar,S7,0
235,s 7,5.03478,50.97737404241099,24.64920751113511,2597,0.5323430213366018,6.3995730694706365,0.067959196808318,sigmoid,Kraft [kN],e_sensor,1,S7,453.044644140151,10.557018211963635,Schubversagen,<7,60 bar,S7,0
238,s 7,5.197271,35.06689345956753,11.023095296449297,1780,0.5757037141678354,8.576579673249606,0.0882178134365253,sigmoid,Kraft [kN],e_sensor,1,S7,380.5980664378595,10.126049227748233,Zug-/Schubversagen,<7,60 bar,S7,0
243,s 7,5.091294,26.518844595303275,9.660882281043266,1382,0.6528059883076499,13.789713254228069,0.0865247680389464,sigmoid,Kraft [kN],e_sensor,1,S7,444.17568997725795,10.196048377895597,Zug-/Schubversagen,<7,60 bar,S7,0
255,s 7,5.071078000000001,25.80431100214293,8.179649501147289,1275,0.6589559649997927,14.570338448204067,0.0790024338636797,sigmoid,Kraft [kN],e_sensor,1,S7,373.1686022839919,10.89291833081195,Zug-/Schubversagen,<7,60 bar,S7,0
260,s 7,5.189763999999999,46.47403568712374,14.49515531274028,2703,0.5446375001842718,6.518815690985145,0.0728861092735644,sigmoid,Kraft [kN],e_sensor,1,S7,398.33745087608594,11.005621867045136,Schubversagen,<7,60 bar,S7,0
261,s 7,5.147939999999999,55.31539451338789,15.37834292494026,3836,0.5273402098671262,5.969473918591756,0.0604923486587343,sigmoid,Kraft [kN],e_sensor,1,S7,442.7607985464913,11.121246281855433,Zug-/Schubversagen,<7,60 bar,S7,0
263,s 7,5.180581,51.33494558814929,15.996600302484431,3392,0.5337139535437402,6.259176262238648,0.0638944265943347,sigmoid,Kraft [kN],e_sensor,1,S7,402.4261024669418,10.931408401963537,Zug-/Schubversagen,<7,60 bar,S7,0
276,s 7,5.147442,60.4006737412,14.104093589678593,3112,0.5218502517721398,5.913234641880232,0.064124633226079,sigmoid,Kraft [kN],e_sensor,1,S7,399.26567630160315,10.160954701089429,Einspannung,<7,80 bar,S7,0
277,s 7,5.181215,56.59570800478267,13.590149660339792,3003,0.5248175497911565,6.111657324463134,0.0674529765229748,sigmoid,Kraft [kN],e_sensor,1,S7,386.9195267206456,10.4908870577511,Zug-/Schubversagen im Einspannbereich,<7,60 bar,S7,0
280,s 7,5.286864,32.33717494789917,10.59114492389644,1694,0.5884567358466829,9.258521735985134,0.0891316467048717,sigmoid,Kraft [kN],e_sensor,1,S7,378.1001359592188,9.918437248262558,Schubversagen,<7,80 bar,S7,0
285,s 7,5.17032,35.143629135865865,12.826869871950466,2173,0.5764148284100071,8.540996096630524,0.079497823696939,sigmoid,Kraft [kN],e_sensor,1,S7,394.1820470506088,10.883394428614181,Einspannung,<7,80 bar,S7,0
290,s 7,5.040688,57.81120398396013,18.17363158624024,3495,0.5263432476445878,6.052970097931723,0.0622014380223071,sigmoid,Kraft [kN],e_sensor,1,S7,459.3883367979422,10.153834638931801,Zug-/Schubversagen an Ästen,<7,100 bar,S7,0
296,s 7,5.137296,39.54391738255884,13.711013298055754,2002,0.5570672625597486,7.532562271439988,0.0797214014310881,sigmoid,Kraft [kN],e_sensor,1,S7,432.41562733890123,9.586123069034185,Zug-/Schubversagen an Ästen,<7,80 bar,S7,0
313,s 7,5.1282,74.48566413410164,18.39233241827365,3874,0.5133089927036147,5.598940209998273,0.0573448099857623,sigmoid,Kraft [kN],e_sensor,1,S7,485.31947169165227,11.307708918589384,Zug-/Schubversagen im Einspannbereich,<7,100 bar,S7,0
318,s 7,5.233872,26.218127653628137,14.725991058345794,1482,0.6484879553234244,12.451612660609012,0.0827062717780264,sigmoid,Kraft [kN],e_sensor,1,S7,377.71195713442313,11.127609795414854,Zug-/Schubversagen an Ästen,<7,80 bar,S7,0
320,s 7,5.058664,41.080452671149935,14.05920924589668,2078,0.5566039995061184,7.4105557290671396,0.0813943627600881,sigmoid,Kraft [kN],e_sensor,1,S7,391.0176625680353,11.133685124030618,Zug-/Schubversagen,<7,80 bar,S7,0
321,s 7,5.331262,39.0136504616543,17.73340070175953,2018,0.5557613273630271,7.473690583187651,0.0825874205326532,sigmoid,Kraft [kN],e_sensor,1,S7,462.02514111174537,11.217083588245009,Splitternder Bruch,<7,100 bar,S7,0
324,s 7,5.12958,50.05668029229489,36.96458908945535,2687,0.5332731636318011,6.383683062282024,0.072691167577867,sigmoid,Kraft [kN],e_sensor,1,S7,495.6416345820343,11.516195943881272,Zug-/Schubversagen an Ästen,<7,100 bar,S7,0
325,s 7,5.183736,31.200449362800317,15.388503610362951,1574,0.5974152648089519,9.724417768071843,0.0838053823986339,sigmoid,Kraft [kN],e_sensor,1,S7,394.1551370862136,11.520387471935248,Schubversagen,<12,80 bar,S7,0
334,s 7,5.243833,51.016538290073306,9.721181585384857,2729,0.5319160073034928,6.234070866790422,0.0691790637982043,sigmoid,Kraft [kN],e_sensor,1,S7,389.0643475701466,10.780831818295438,Spröder Bruch,<7,80 bar,S7,0
335,s 7,5.164884,37.51528773443896,10.967550010167702,1950,0.5660072307197307,7.861536215705965,0.0829905928376558,sigmoid,Kraft [kN],e_sensor,1,S7,380.78065818705494,10.42824305332921,Zug-/Schubversagen an Ästen,<7,80 bar,S7,0
337,s 7,5.16465,42.09066532824102,11.630519699692432,2125,0.5502523193416671,7.192804275994549,0.0801645178531625,sigmoid,Kraft [kN],e_sensor,1,S7,333.8760432994928,11.11735286408863,Spröder Bruch,<7,80 bar,S7,0
344,s 7,5.220317,47.74632968888671,9.947003858278809,2574,0.5384586776945747,6.499863408904527,0.0728152256632515,sigmoid,Kraft [kN],e_sensor,1,S7,403.98883581155,10.622408861812406,Spröder Bruch,<7,80 bar,S7,0
349,s 7,5.1004,42.54861597864874,17.3617889451056,2159,0.5484082707889965,7.007905400010789,0.073180969843892,sigmoid,Kraft [kN],e_sensor,1,S7,406.2942106328206,10.993172446097056,Schubversagen,<7,80 bar,S7,0
355,s 7,5.18708,68.97296383514426,19.530531593346858,3808,0.5158877525595904,5.66934658578359,0.0578025486341836,sigmoid,Kraft [kN],e_sensor,1,S7,488.39327412376355,11.570028222235416,Zug-/Schubversagen im Einspannbereich,<7,80 bar,S7,0
357,s 7,5.14284,48.29819376307643,12.251921095935169,2435,0.5368080957339503,6.559650929837259,0.073997516097706,sigmoid,Kraft [kN],e_sensor,1,S7,381.6956871536805,11.111425743604379,Zug-/Schubversagen an Ästen,<7,80 bar,S7,0
363,s 7,4.988628,23.885348273613506,10.052688733892827,1228,0.70442634275201,22.98686267080003,0.0824660589610359,sigmoid,Kraft [kN],e_sensor,1,S7,369.87329929872124,10.852621729628984,Zug-/Schubversagen an Ästen,<12,60 bar,S7,0
368,s 7,5.100678,23.5980576993882,16.052079616675943,1201,0.6902084800036837,15.654055553823072,0.0839291629408984,sigmoid,Kraft [kN],e_sensor,1,S7,411.84356088656887,10.885036969070143,Zug-/Schubversagen im Einspannbereich,<7,80 bar,S7,0
395,s 7,5.089347999999999,58.79330512351484,14.776958947270066,3283,0.5240176803182789,6.036071379868446,0.0643582934757844,sigmoid,Kraft [kN],e_sensor,1,S7,408.67657931110347,10.991157289444804,Einspannung,<7,80 bar,S7,0
400,s 7,5.24664,54.83702650053176,25.120890211814043,2813,0.5267310889134296,6.114978371507806,0.069245341019927,sigmoid,Kraft [kN],e_sensor,1,S7,444.6335713698985,11.50130878383433,Spröder Bruch,<7,100 bar,S7,0
413,s 7,5.159532,46.01991245281549,14.22039337240315,2545,0.5413853551414218,6.663449582044741,0.0717993344911728,sigmoid,Kraft [kN],e_sensor,1,S7,389.89182755943955,11.279453793221059,Spröder Bruch,<7,80 bar,S7,0
423,s 7,5.205024000000001,26.5571485747472,8.274878386633404,1348,0.6409687287147526,13.307429444466225,0.0843782938306838,sigmoid,Kraft [kN],e_sensor,1,S7,405.5041415559193,11.143639883531348,Zug-/Schubversagen an Ästen,<7,80 bar,S7,0
432,s 7,5.136442000000001,59.394633453225005,14.980574602197848,3525,0.5235324634160177,5.988642392521511,0.062647988948206,sigmoid,Kraft [kN],e_sensor,1,S7,396.42824417893604,10.79211790027981,Zug-/Schubversagen im Einspannbereich,<7,80 bar,S7,0
433,s 7,5.002316,37.56394413107849,11.056451031310356,2104,0.5710472215943532,8.06076487719743,0.0793581915135339,sigmoid,Kraft [kN],e_sensor,1,S7,375.9021694178207,10.784296075338224,Zug-/Schubversagen an Ästen,<7,80 bar,S7,0
441,s 7,5.14284,24.88793506481828,4.8878620207743975,1248,0.6668158480287836,15.090522792099812,0.0787435594603335,sigmoid,Kraft [kN],e_sensor,1,S7,389.86668167013164,10.519663777306091,Splitternder Bruch,<7,80 bar,S7,0
442,s 7,5.116132,55.10906176287085,14.257683610292794,2767,0.5276029615586927,6.150100605783457,0.068786733023956,sigmoid,Kraft [kN],e_sensor,1,S7,447.80559535784244,11.217381605164228,Zug-/Schubversagen an Ästen,<7,100 bar,S7,0
449,s 7,5.092308,36.64722653141758,16.829495513508554,1844,0.5674793076663804,7.863309800628613,0.074538607266528,sigmoid,Kraft [kN],e_sensor,1,S7,470.2451269163522,11.386494266454,Zug-/Schubversagen an Ästen,<7,100 bar,S7,0
450,s 7,5.12754,46.88177636717607,13.606195706973754,2344,0.5401253900558406,6.723094531067886,0.0768533265392231,sigmoid,Kraft [kN],e_sensor,1,S7,426.3157699596044,11.022860347968509,Zug-/Schubversagen im Einspannbereich,<7,80 bar,S7,0
453,s 7,5.185231999999999,50.743619843094784,15.573119385772875,2582,0.5326658564468107,6.376212916228958,0.0725098685377801,sigmoid,Kraft [kN],e_sensor,1,S7,422.02354245670443,11.366615803271234,Zug-/Schubversagen im Einspannbereich,<7,80 bar,S7,0
459,s 7,5.143859999999999,28.948365214182544,10.34637729625487,1485,0.6216362365398926,11.358512828690854,0.0887167434759496,sigmoid,Kraft [kN],e_sensor,1,S7,378.0322231094178,11.552531151005072,Zug-/Schubversagen an Ästen,<7,80 bar,S7,0
460,s 7,5.17242,26.39617991312577,13.481294755360254,1352,0.6462118464439484,13.24444660081276,0.0815332228691445,sigmoid,Kraft [kN],e_sensor,1,S7,380.9702320434406,11.025508442707471,Zug-/Schubversagen an Ästen,<7,80 bar,S7,0
464,s 7,5.167272,44.22118113653588,11.232481877562115,2436,0.5442382525112478,6.853618260808465,0.0731764713084951,sigmoid,Kraft [kN],e_sensor,1,S7,379.82119220801627,10.712503968109937,Zug-/Schubversagen im Einspannbereich,<7,80 bar,S7,0
466,s 7,5.203968,53.634148139458205,12.748662161190175,3242,0.5305093815464884,6.129225835731773,0.0661260169553858,sigmoid,Kraft [kN],e_sensor,1,S7,379.61564860019917,11.266557305563948,Zug-/Schubversagen im Einspannbereich,<7,80 bar,S7,0
467,s 7,5.160868,21.50454708515118,14.003627219082595,1102,0.7379274915086675,36.61437949768882,0.0709574354864591,sigmoid,Kraft [kN],e_sensor,1,S7,407.517309066573,11.423523801978147,Zug-/Schubversagen im Einspannbereich,<7,80 bar,S7,0
468,s 7,5.129784,32.551116248266986,13.797639279783954,1915,0.592947930812995,8.725608234959358,0.0760003565174705,sigmoid,Kraft [kN],e_sensor,1,S7,383.5248072084204,10.927501353357528,Zug-/Schubversagen an Ästen,<7,80 bar,S7,0
470,s 7,5.230752,44.53313354250976,12.987506698372918,2279,0.5418349408955119,6.764230138979176,0.0742348565059757,sigmoid,Kraft [kN],e_sensor,1,S7,394.82091610793634,11.256588934445958,Zug-/Schubversagen im Einspannbereich,<7,80 bar,S7,0
472,s 7,5.187924,34.09622293642891,14.319331564340956,1812,0.578370496528287,8.433318976833949,0.0775473545989213,sigmoid,Kraft [kN],e_sensor,1,S7,459.91098334628873,11.430273250233368,Schubversagen,<7,100 bar,S7,0
473,s 7,5.122523999999999,50.78266303022691,15.120743400515524,2804,0.5320744334151807,6.4781275387774135,0.0701730108603215,sigmoid,Kraft [kN],e_sensor,1,S7,425.35605789679016,10.540953043606214,Zug-/Schubversagen an Ästen,<12,80 bar,S7,0
474,s 7,5.22054,39.55816831209032,10.304750351951178,2273,0.5624497159651891,7.199080793258078,0.0790505318749983,sigmoid,Kraft [kN],e_sensor,1,S7,370.192110258636,10.975150651208567,Zug-/Schubversagen an Ästen,<7,80 bar,S7,0
476,s 7,5.060175,27.513129486628426,11.332735282960735,1361,0.6396105026623243,13.71642589399942,0.090785636046247,sigmoid,Kraft [kN],e_sensor,1,S7,392.01451179274426,10.94340768645616,Zug-/Schubversagen an Ästen,<7,80 bar,S7,0
478,s 7,5.127948,46.22697260556269,11.650042809566768,2649,0.5396169733182598,6.581217561887068,0.0683890701299856,sigmoid,Kraft [kN],e_sensor,1,S7,404.0973564620664,11.419410091102511,Zug-/Schubversagen im Einspannbereich,<7,60 bar,S7,0
481,s 7,5.200965,25.0126903282612,7.312892696734194,1269,0.6612235162495135,14.861127981929966,0.0802043999996119,sigmoid,Kraft [kN],e_sensor,1,S7,382.4631621608447,10.835578345667965,Zug-/Schubversagen,<7,80 bar,S7,0
482,s 7,5.295450999999999,22.77148872388301,18.77129083481932,1346,0.6844297857403164,13.035178033335384,0.0666524892623793,sigmoid,Kraft [kN],e_sensor,1,S7,435.1254624224177,10.74288185878198,Zug-/Schubversagen an Ästen,<7,100 bar,S7,0
483,s 7,5.170839999999999,26.074005716430992,11.369777705051003,1312,0.6496132376132262,14.225342931473682,0.0840069493303488,sigmoid,Kraft [kN],e_sensor,1,S7,380.1978135078905,8.203989584925077,Splitternder Bruch,<7,80 bar,S7,0
486,s 7,5.110667,41.77771172652219,11.269587554373656,2374,0.5542301693755479,7.054288057728657,0.074331543422964,sigmoid,Kraft [kN],e_sensor,1,S7,371.4632416421316,11.02862106920044,Zug-/Schubversagen im Einspannbereich,<12,80 bar,S7,0
487,s 7,5.126922,34.51241523422826,13.996605445753271,1729,0.5794891731803437,8.682806277873395,0.0844318572327866,sigmoid,Kraft [kN],e_sensor,1,S7,377.25594155720756,10.915027379677072,Zug-/Schubversagen,<7,80 bar,S7,0
490,s 7,5.081384,36.00680721285776,13.449280822447497,1841,0.5732034103637268,8.266349899219023,0.0805712128045802,sigmoid,Kraft [kN],e_sensor,1,S7,378.886177301661,10.896561063644313,Zug-/Schubversagen an Ästen,<7,80 bar,S7,0
495,s 7,5.20102,34.15933392031755,9.241655493288672,1753,0.5761183995512094,8.312689887431095,0.0764122703985559,sigmoid,Kraft [kN],e_sensor,1,S7,408.4017480158864,11.388405376810267,Zug-/Schubversagen an Ästen,<7,80 bar,S7,0
496,s 7,5.145770000000001,34.121335946806795,13.280128135847889,1711,0.5820344871916475,8.931181047715864,0.0878724683178372,sigmoid,Kraft [kN],e_sensor,1,S7,411.8868560470801,11.425697300453743,Zug-/Schubversagen an Ästen,<7,80 bar,S7,0
498,s 7,5.151432,22.09947361177921,13.480245897711868,1110,0.7233256916091669,29.393417798941503,0.0725678734111215,sigmoid,Kraft [kN],e_sensor,1,S7,389.3001171800683,11.243184666278133,Zug-/Schubversagen an Ästen,<7,80 bar,S7,0
500,s 7,5.078304,10.706474528085558,3.906983509618128,527,0.5692830332385234,5.572828133720367,0.0474857314733344,sigmoid,Kraft [kN],e_sensor,1,S7,337.96427337165903,11.13630558950105,Spröder Bruch,<7,80 bar,S7,0
501,s 7,5.046766000000001,38.12669805524963,12.32090489897018,1904,0.566613752178519,7.958902239423993,0.0834539958720553,sigmoid,Kraft [kN],e_sensor,1,S7,378.0660124485812,10.837947775397684,Zug-/Schubversagen an Ästen,<7,80 bar,S7,0
502,s 7,5.117574,29.4001725414718,9.048313008347211,1516,0.6186973512755098,11.369031473172283,0.0913787841369982,sigmoid,Kraft [kN],e_sensor,1,S7,393.79368925245245,10.494699202968787,Zug-/Schubversagen an Ästen,<16,80 bar,S7,0
506,s 7,5.1619,21.286869826880604,9.64391550259913,1085,0.743845088028274,29.14320707614628,0.0813279941391915,sigmoid,Kraft [kN],e_sensor,1,S7,373.0141692139213,11.070663154416504,Einspannung,<7,80 bar,S7,0
509,s 7,5.02778,43.740042822080525,14.137850881163118,2162,0.5484723769288339,7.094657837413489,0.0781701978780174,sigmoid,Kraft [kN],e_sensor,1,S7,413.2782835105144,10.900773217887389,Zug-/Schubversagen an Ästen,<7,80 bar,S7,0
514,s 7,5.161464,39.87820546166747,14.14474638188947,2376,0.5602225651175342,7.367161365028114,0.0779541698535957,sigmoid,Kraft [kN],e_sensor,1,S7,373.38756925123755,11.083051657353483,Zug-/Schubversagen an Ästen,<7,80 bar,S7,0
515,s 7,5.124207,53.14084833638649,14.329400930167363,2746,0.5293449130975701,6.251169712805397,0.0691716685127337,sigmoid,Kraft [kN],e_sensor,1,S7,382.52252392770646,11.154902735075252,Zug-/Schubversagen,<7,80 bar,S7,0
516,s 7,5.188316,60.704980400914295,15.454562775115646,3280,0.523244269142628,5.840948308338021,0.0630001213819429,sigmoid,Kraft [kN],e_sensor,1,S7,428.086266587768,11.057621239798534,Zug-/Schubversagen im Einspannbereich,<7,80 bar,S7,0
519,s 7,5.097325,42.44371588284051,14.532422701702474,2144,0.5511915018680903,7.20825168328596,0.0804308507149994,sigmoid,Kraft [kN],e_sensor,1,S7,434.92811541126406,11.099149196068083,Einspannung,<7,80 bar,S7,0
534,s 7,5.056099,20.651638450043208,12.69720157492526,1040,0.772650157217899,35.42727148548543,0.0952302223014952,sigmoid,Kraft [kN],e_sensor,1,S7,380.3723697913552,10.9724482366341,Zug-/Schubversagen an Ästen,<7,80 bar,S7,0
535,s 7,5.037813,50.30581505556082,12.76484201073588,2482,0.5356723863220918,6.521098288305207,0.0747613327527755,sigmoid,Kraft [kN],e_sensor,1,S7,372.14471438093256,11.299760291480363,Zug-/Schubversagen an Ästen,<7,80 bar,S7,0
539,s 7,5.06018,32.26303754881249,10.433824196258916,1631,0.5960190359691887,9.454236537400346,0.0826556524630695,sigmoid,Kraft [kN],e_sensor,1,S7,326.986561987536,10.604781403156194,Zug-/Schubversagen an Ästen,<7,80 bar,S7,0
540,s 7,5.056011,35.180888834597084,9.571649943264893,1746,0.5798408132693497,8.746386458748507,0.0871525387799322,sigmoid,Kraft [kN],e_sensor,1,S7,314.2938117944798,11.409091726981005,Zug-/Schubversagen,<7,80 bar,S7,0
541,s 7,5.0904,41.97705484834198,13.26771418575433,2088,0.5518353289898901,7.267866957547795,0.0801072690743459,sigmoid,Kraft [kN],e_sensor,1,S7,405.05649770511366,10.857243457385042,Zug-/Schubversagen an Ästen,<7,80 bar,S7,0
545,s 7,5.08024,29.17086786561757,11.379368191585302,1504,0.621827051792907,11.543449454804378,0.0872321727985212,sigmoid,Kraft [kN],e_sensor,1,S7,393.0690051078166,11.229707996291058,Zug-/Schubversagen an Ästen,<7,80 bar,S7,0
551,s 7,5.053104,33.67237633170621,13.845679832113726,1836,0.59427923790762,8.907637603774175,0.0860619820931284,sigmoid,Kraft [kN],e_sensor,1,S7,421.5756639464257,11.29304303705819,Zug-/Schubversagen an Ästen,<7,80 bar,S7,0
552,s 7,5.078802,25.25208154710993,13.981433741024762,1315,0.6726690762253017,15.249876844755091,0.0838846446094983,sigmoid,Kraft [kN],e_sensor,1,S7,374.3779280793583,10.888678422043466,Zug-/Schubversagen im Einspannbereich,<7,80 bar,S7,0
556,s 7,5.021952000000001,19.601809356824795,6.444151824671858,1029,0.7948455800941686,33.61449900084913,0.1214984762612926,sigmoid,Kraft [kN],e_sensor,1,S7,376.4048806180449,11.032306468908597,Zug-/Schubversagen an Ästen,<7,80 bar,S7,0
561,s 7,5.050956,42.41852077730434,12.746009352527349,2094,0.5523273044449711,7.310736216775958,0.0820837066261362,sigmoid,Kraft [kN],e_sensor,1,S7,386.3894829308178,11.53231968498348,Zug-/Schubversagen im Einspannbereich,<7,80 bar,S7,0
562,s 7,5.099484,51.1468376935294,12.607169331589924,3065,0.5364494175425727,6.281285270457549,0.0681642297780727,sigmoid,Kraft [kN],e_sensor,1,S7,332.39098272741876,11.309624079276501,Schubversagen,<7,80 bar,S7,0
563,s 7,5.01994,33.65314671963211,11.85485314718371,2039,0.5972165227987584,8.618903265113925,0.081947122537991,sigmoid,Kraft [kN],e_sensor,1,S7,389.8567374192754,11.386338508805,Zug-/Schubversagen an Ästen,<7,80 bar,S7,0
564,s 7,5.13084,65.5776895815305,12.269075586562725,3644,0.5212789258535189,5.681726393855279,0.0604700261455385,sigmoid,Kraft [kN],e_sensor,1,S7,367.416965331623,10.78836587937156,Spröder Bruch,<7,80 bar,S7,0
566,s 7,5.06717,63.85159270361957,18.105764535259805,3703,0.5225160036610481,5.739506103988655,0.0593410920244744,sigmoid,Kraft [kN],e_sensor,1,S7,420.8710383109399,11.078906782302536,Zug-/Schubversagen im Einspannbereich,<7,80 bar,S7,0
569,s 7,5.017011999999999,59.7871466185949,11.935010417066968,3271,0.5263872736945202,5.964776051828916,0.0646540267534108,sigmoid,Kraft [kN],e_sensor,1,S7,384.82547553259093,11.231197949969273,Zug-/Schubversagen,<7,80 bar,S7,0
571,s 7,5.08636,45.00705609586227,16.457595687146004,2628,0.5455738182225979,6.890994506511992,0.0728505587723011,sigmoid,Kraft [kN],e_sensor,1,S7,421.8646059990512,11.209703484634826,Schubversagen,<7,80 bar,S7,0
573,s 7,5.032012000000001,46.9663689258392,15.213206435609116,2925,0.5433581928598523,6.715812821724263,0.0692566443937297,sigmoid,Kraft [kN],e_sensor,1,S7,418.23335218637175,11.2440715934581,Einspannung,<7,80 bar,S7,0
574,s 7,5.028994000000001,49.83907520196882,12.113228838449205,2521,0.5363554040572992,6.572264817885672,0.0742388765997036,sigmoid,Kraft [kN],e_sensor,1,S7,389.4050949852327,10.895523675403304,Zug-/Schubversagen an Ästen,<7,80 bar,S7,0
576,s 7,5.085260000000001,40.13401754531724,12.870933974997296,2037,0.5584242024914606,7.547468757871227,0.0818591402067177,sigmoid,Kraft [kN],e_sensor,1,S7,387.5012938400937,10.758828435733445,Zug-/Schubversagen an Ästen,<7,80 bar,S7,0
579,s 7,5.073252,42.12230158904979,10.458392180953169,2491,0.5550868672851048,6.994382094211428,0.0740232605389397,sigmoid,Kraft [kN],e_sensor,1,S7,380.02146316176777,11.329581864706086,Einspannung,<7,80 bar,S7,0
583,s 7,5.02902,28.313822822339144,9.574599194421818,1423,0.6309657822692322,12.566166405068763,0.0893116784889443,sigmoid,Kraft [kN],e_sensor,1,S7,375.1782342329788,11.652973388466947,Schubversagen,<7,80 bar,S7,0
587,s 7,5.083342,30.58940673588852,12.09453174086678,1514,0.6084606764804044,10.709305929028895,0.0890353221167745,sigmoid,Kraft [kN],e_sensor,1,S7,372.7335111246938,14.473253434124903,Einspannung,<7,80 bar,S7,0
588,s 7,5.012993999999999,56.63801225874199,12.13720135380161,3033,0.5282471625526292,6.120437468682588,0.0670380572260046,sigmoid,Kraft [kN],e_sensor,1,S7,374.9392592129458,10.921422706369425,Zug-/Schubversagen,<7,80 bar,S7,0
376,s13,5.1671640000000005,41.19564396204572,11.97069050712178,2084,0.5530848702180253,7.349369684757422,0.0820672747746317,sigmoid,Kraft [kN],e_sensor,1,S13,443.2626789492052,11.0,Zug-/Schubversagen an Ästen,<7,80 bar,S13,0
242,s7,5.093208000000001,58.55873093637644,14.108614871882676,3090,0.5257675853682306,5.972937353113849,0.065505878945471,sigmoid,Kraft [kN],e_sensor,1,S7,386.962945623405,11.0,Zug-/Schubversagen,<7,60 bar,S7,0
278,s7,5.151195,33.22332472732055,15.39502270127857,1731,0.5863357767926494,8.670370103237298,0.079680104559287,sigmoid,Kraft [kN],e_sensor,1,S7,403.60070636070765,11.0,Zug-/Schubversagen,<7,80 bar,S7,0
356,s7,5.158989,46.61318983113746,12.864011415965534,2430,0.5399504546973029,6.753158552858246,0.0762256132213565,sigmoid,Kraft [kN],e_sensor,1,S7,391.98620692247323,11.0,Zug-/Schubversagen,<7,60 bar,S7,0
