sequence,n_events,a_hat,k,R2,max_mag,max_mag_pos,total_energy_log
seq_0,29,0.19921443019412804,99.99999999999999,0.9692994655042397,6.2,0.0,14.16792396980194
seq_1,39,0.4038828299519602,99.99999999999599,0.9538123040874623,6.6,0.42105263157894735,14.785832149587765
seq_2,14,0.23351559561215113,7.594305652547686,0.9132165154777213,5.7,0.15384615384615385,13.700308527293341
seq_3,274,0.42612446493378436,99.9999999999994,0.9804274440718969,5.5,0.42857142857142855,13.149094037381717
seq_4,11,0.3457966710326962,7.099556878382048,0.9673504421141309,3.3,0.0,10.438902101741608
seq_5,18,0.56217119206984,4.578710264261561,0.9407806843137867,3.8,0.9411764705882353,11.024703394999895
seq_6,9,0.7796677809576231,61.706123837484036,0.9643474300077731,3.8,0.875,10.574484702831134
seq_7,14,0.40318708983324447,4.031950078009679,0.9531139979026633,3.1,0.07692307692307693,10.060105725300048
seq_8,8,0.5036919808891991,2.72536304496167,0.6910213482539314,3.5,0.14285714285714285,10.434730049871513
seq_9,12,0.4969080044085649,32.58147354664515,0.9106480503333024,4.0,0.5454545454545454,11.11816299327067
seq_10,9,0.21903409988080558,22.99036119222282,0.9481802590705689,3.3,0.25,9.99177489901378
seq_11,9,0.1818707204702367,99.99682702313052,0.9995949860333064,5.3,0.25,12.75077993323251
seq_12,10,0.4997527069601251,54.62438610608461,0.998370402406322,3.9,0.5555555555555556,10.708620526951963
seq_13,144,0.6355583746097568,32.479291638689304,0.9599206822922307,4.8,0.6433566433566433,12.23447405485261
seq_14,11,0.6558457532354434,45.96724549165941,0.9975418226497013,4.0,0.7,10.89867241632988
seq_15,74,0.7127895590171127,6.994045435019875,0.9255170680960119,4.2,0.863013698630137,11.496548769662601
seq_16,9,0.21941852519378172,33.745510032763185,0.9259009106472346,3.7,0.25,10.55041692106251
seq_17,8,0.8836323517744827,99.9999646166189,0.9887232057377389,4.2,1.0,11.133900931805934
seq_18,14,0.3375696138644156,92.12008097317079,0.997814539080257,4.6,0.38461538461538464,11.740240006780155
seq_19,11,0.6965142402786244,9.294616825370026,0.9156723666378583,5.0,0.6,12.602602416204832
seq_20,103,0.48023668761451127,5.218029492963756,0.8119973257774096,4.7,0.6568627450980392,12.140570622017629
seq_21,65,0.4202200249882883,3.3644892234340666,0.7874314631397565,4.4,0.765625,11.880860025218336
seq_22,34,0.6169877440152812,6.459851619698058,0.9730784363626465,3.7,0.7575757575757576,11.053317021920854
seq_23,10,0.45248750918635905,3.748316352002806,0.8096553492834386,3.5,0.0,10.611378451805656
seq_24,18,0.11960794794690095,4.605606338719791,0.7610734108555101,4.0,0.058823529411764705,11.010421015489195
seq_25,8,0.38918003313303684,12.33049988290972,0.9771012155466856,3.6,0.0,10.485933216063568
seq_26,10,0.27470214622497074,4.463691215906201,0.838602087003792,3.2,0.1111111111111111,10.096360081160137
seq_27,10,0.5067329601466734,6.8105597650201375,0.9889102305548476,3.0,0.3333333333333333,10.03415787727239
seq_28,8,0.3933391349007794,5.0949483820346995,0.9644756159774563,2.8,0.14285714285714285,9.678951585098988
seq_29,8,0.6463612761652833,24.985909725804177,0.9766857470956731,3.8,0.7142857142857143,10.657724087059607
seq_30,171,0.7331065490757532,4.020062912514542,0.8044354910321028,4.7,0.9176470588235294,12.147017784930856
seq_31,8,0.37711570136601474,7.248941584202649,0.9649796186459748,3.1,0.2857142857142857,9.895237213038701
seq_32,10,0.8144000332631305,24.082606597251704,0.9256607102661727,3.5,0.8888888888888888,10.266913893263464
seq_33,9,0.14089345781517118,10.197020471430715,0.870294377039904,3.4,0.125,10.185607417179575
seq_34,8,0.3624708702995361,55.88425328390859,0.999632681923802,4.2,0.42857142857142855,11.125025728550765
seq_35,26,0.5647527878171249,4.063354483797131,0.9404723339741208,3.3,0.84,10.562117181459412
seq_36,9,0.29565757469850484,3.9110434804823777,0.8274072878624557,3.4,0.125,10.208281175414221
seq_37,121,0.6028439228547366,99.99999999999999,0.9845694291051281,4.9,0.6083333333333333,12.275151319224616
seq_38,13,0.44599217237951416,35.49378672560118,0.9522204961252811,3.9,0.5,10.833761910816982
seq_39,12,0.23753221992243725,35.59306395141206,0.9772100872559606,3.9,0.2727272727272727,10.861564238869965
seq_40,8,0.7583614147118238,21.480817215120393,0.9422369380536874,3.3,0.8571428571428571,9.94935881951523
seq_41,41,0.5855862687021268,6.580846589492097,0.9603913927630215,3.9,0.6,11.295255321342504
seq_42,16,0.16984526045678602,59.24168575005152,0.9713380121256021,3.7,0.2,10.537327371077366
seq_43,10,0.6573984024364685,13.584998600413156,0.9462532788162604,4.3,0.7777777777777778,11.426314220542704
seq_44,10,0.606105206397379,99.99996677582646,0.9998143119040269,5.0,0.6666666666666666,12.302472874089892
seq_45,131,0.8789114275936911,4.062368530705935,0.7338154750142629,4.8,0.9615384615384616,12.240121886888591
seq_46,8,0.5029119416940369,4.9295927971479365,0.9698465986899407,2.8,0.42857142857142855,9.678951585098988
seq_47,15,0.8076787509315683,7.653884619916905,0.748546468950879,4.2,0.9285714285714286,11.260164171367961
seq_48,12,0.32094757947855407,93.85489079802593,0.9994853497959535,4.5,0.36363636363636365,11.570438650913484
seq_49,9,0.25998875150909556,7.774668861423125,0.9425840192833165,3.6,0.25,10.589765304111452
seq_50,10,0.6018985419338403,37.449350688396834,0.9849409419155076,3.9,0.6666666666666666,10.767168679693384
seq_51,9,0.595326715302803,8.82207833612088,0.9471761928388048,3.6,0.75,10.483723744898384
seq_52,88,0.24576019238369354,21.000151965071016,0.907064930077279,4.5,0.22988505747126436,11.909329776358131
seq_53,10,0.38526705272972134,15.424143207813112,0.9649964762456182,3.3,0.4444444444444444,10.095375037139393
seq_54,15,0.5315323570799204,61.591489479770615,0.9870248452969159,4.2,0.5714285714285714,11.22781884893796
seq_55,14,0.3451122896084161,99.99999073515494,0.9993637794820812,5.6,0.38461538461538464,13.200455469008059
seq_56,20,0.1311981946809241,99.99999999999999,0.9954422092249463,5.8,0.15789473684210525,13.50036598540836
seq_57,734,0.010000000016361992,99.99999999963991,0.6748595698462724,7.1,0.010914051841746248,15.453435287152994
seq_58,9,0.771782525873332,99.99629092874852,0.9973386937468085,4.0,0.875,10.850713436732173
seq_59,10,0.38521755724270534,26.047155456322663,0.978962152420659,3.6,0.4444444444444444,10.407433608087496
seq_60,12,0.5394383259621343,4.847567916759767,0.9525462608542805,3.3,0.9090909090909091,10.323767508997372
seq_61,87,0.2381455045169239,3.466873156371643,0.9268772643224704,4.2,0.011627906976744186,11.605405748905651
seq_62,9,0.8607189475371334,8.74614009057652,0.8093891035200255,3.8,1.0,10.65817031349231
seq_63,121,0.6421847477079824,10.361894871509408,0.9569834979399757,5.0,0.6833333333333333,12.621808916301314
seq_64,8,0.1271793870171088,27.35069376612671,0.9872005260614166,3.7,0.14285714285714285,10.621549668363144
seq_65,8,0.5702224380073833,7.359144358567202,0.9864307061166679,3.0,0.42857142857142855,9.932037950045904
seq_66,9,0.44739242859603356,71.80002978762018,0.9995100446223333,4.4,0.5,11.423890036347164
seq_67,11,0.7394679880341606,60.026640496450725,0.9928028109461517,3.9,0.8,10.721853788059457
seq_68,8,0.4429905482323831,5.5121511426615095,0.9083989212361897,4.9,0.0,12.160257801572046
seq_69,9,0.46054398530677276,7.960927500942784,0.8620687120838025,5.2,0.625,12.753117012191048
seq_70,67,0.30173493414141167,3.76620161074942,0.9250556148938189,4.6,0.0,11.845979390799352
seq_71,10,0.5320101358685314,4.682319288607369,0.9101635367482774,3.5,0.8888888888888888,10.469703520625181
seq_72,8,0.700813259557716,6.719055739045848,0.8861488777665876,3.56,0.8571428571428571,10.412621913865072
seq_73,14,0.038491160846966556,99.99999999999999,0.9985764771740577,6.7,0.07692307692307693,14.854882501192124
seq_74,9,0.6006586763337762,3.787187773676138,0.858053655935954,4.8,1.0,12.41704721636182
seq_75,15,0.4560747198915116,7.46856763147079,0.9240386026738261,3.9,0.35714285714285715,10.970511558064945
seq_76,20,0.41412027034527055,7.304120469793466,0.9387533683748225,3.6,0.3157894736842105,10.577921695083901
seq_77,51,0.19354944206028024,99.9999999999997,0.8932266153072319,5.0,0.0,12.416406049972242
seq_78,9,0.4779829463178501,6.762256607380719,0.985429153600104,3.2,0.375,10.117064398170251
seq_79,12,0.3303309439717501,88.88947096647428,0.9995876713335923,4.4,0.36363636363636365,11.43457398698738
seq_80,13,0.5860480686588756,3.6318591403281735,0.922328447366985,3.1,1.0,9.971519060652486
seq_81,99,0.705921350869432,7.327180189905124,0.9114611675304889,4.6,0.7448979591836735,12.150683736449409
seq_82,8,0.5661896410244629,9.386371794545882,0.9156912052332363,3.8,0.7142857142857143,10.693515746222406
seq_83,8,0.3212378624826137,6.611301688453615,0.9621317537059445,3.6,0.2857142857142857,10.717071566406736
seq_84,8,0.3564184977216245,16.488160259925078,0.9911569228966428,5.0,0.42857142857142855,12.582946294573535
seq_85,10,0.264093884255034,41.90615453051664,0.9972722932373491,3.97,0.3333333333333333,10.888509843329919
seq_86,26,0.4574629681840972,92.28507190508351,0.977340423718293,4.2,0.48,11.276137945761862
seq_87,11,0.5521201685854146,48.99900240092863,0.9948283245640956,5.7,0.6,13.437259665059926
seq_88,9,0.5102475314997608,9.527606061042965,0.9826827028845003,3.39,0.0,10.27047762301058
seq_89,8,0.2792191878797725,7.701082943973212,0.9592362900766831,3.3,0.14285714285714285,10.277580016064572
seq_90,9,0.21473972442079983,27.87577804254627,0.9617991407195826,5.3,0.25,12.94353188036843
seq_91,13,0.7922617013710842,61.123068327287115,0.991159572508116,4.2,0.8333333333333334,11.204945438855198
seq_92,26,0.14153450572985288,99.99999999999999,0.9860566938466018,4.4,0.16,11.463549146207335
seq_93,8,0.3600018852991388,84.29130124851032,0.9999241245805771,4.8,0.42857142857142855,12.006962331006212
seq_94,76,0.37139959949642765,6.943327188822012,0.9843649369657085,4.0,0.4,11.535768817080642
seq_95,8,0.6285233913057909,28.903901955865102,0.976008070193308,5.2,0.7142857142857143,12.85668258645685
seq_96,11,0.1779480173766953,5.33337874382044,0.8155968318738739,5.4,0.1,13.154799605641077
seq_97,10,0.650530225232655,6.244181559876764,0.9619369011989995,3.3,0.4444444444444444,10.365247087964997
seq_98,22,0.3906677369639524,7.2748896882635234,0.9020673719322541,4.0,0.47619047619047616,11.288569846418643
seq_99,8,0.6036690972538752,6.059883736388696,0.9838263843624202,4.6,0.0,12.413486211856796
seq_100,12,0.7265275789155734,6.397305765361867,0.8783136730207609,3.61,0.8181818181818182,10.54413747703148
seq_101,32,0.17566159830803502,34.61450406511378,0.9493256381982147,4.1,0.1935483870967742,11.20753010029249
seq_102,9,0.20544566288606447,39.36581084549732,0.9498212604745984,4.5,0.25,11.709821763321859
seq_103,8,0.343184221679137,82.66762980071609,0.9998670503778034,4.6,0.42857142857142855,11.708780213193684
seq_104,9,0.38063502683630546,6.90751182172389,0.9694985257790073,2.9,0.375,9.67118823180837
seq_105,89,0.3107058924069476,99.99999999999999,0.9800159843030531,4.8,0.3181818181818182,12.15786869869061
seq_106,10,0.3781452209324175,46.20754651222318,0.9918979435356732,5.6,0.4444444444444444,13.293944952531152
seq_107,14,0.4965098734200724,8.874169929718487,0.9564895541083066,3.73,0.46153846153846156,10.732969714335434
seq_108,12,0.24074557470816357,8.306820307258972,0.9537439251811574,3.2,0.09090909090909091,10.188945896680638
seq_109,12,0.4259846600949306,7.317902539446211,0.9728762733530398,3.2,0.5454545454545454,10.084257874976272
seq_110,14,0.7068907754155661,9.725343278977755,0.9143882895235833,3.9,0.8461538461538461,10.876391556349223
seq_111,8,0.10929274968824626,53.79809319556349,0.9724190076094653,5.3,0.14285714285714285,12.870438465195871
seq_112,36,0.4887350793504951,5.509500443790074,0.9428421768278655,3.8,0.8285714285714286,11.076095911763577
seq_113,9,0.496743071254428,4.908554647909574,0.9093604654519654,3.3,0.25,10.232349861685256
seq_114,10,0.49852340165056286,7.9583867884914765,0.9419210320187572,3.48,0.6666666666666666,10.318076800968065
seq_115,10,0.5767350693992431,5.8390374336215185,0.9424444221274274,3.4,0.3333333333333333,10.508331496531161
seq_116,24,0.5895400605674912,3.593848690041951,0.7699599913831231,4.1,0.8695652173913043,11.357877104086397
seq_117,16,0.7399733386043921,6.86822703811035,0.8778188125084884,3.9,0.9333333333333333,11.159568782559623
seq_118,32,0.6932431188557894,18.1793838254983,0.9818081138774,4.2,0.6451612903225806,11.555717040062197
seq_119,8,0.5230852975872959,41.83999618605126,0.9997766900172828,4.2,0.5714285714285714,11.168813926979793
seq_120,8,0.14626560305649722,31.826582236204807,0.9981474762302129,4.3,0.2857142857142857,11.56088967179927
seq_121,13,0.4189891410491506,9.549442898446472,0.9802513905446276,3.32,0.5,10.248551800464263
seq_122,24,0.5572137383475998,6.336216244424997,0.9919085357227783,3.21,0.4782608695652174,10.52959318084997
seq_123,8,0.4805758240840612,11.790264713442122,0.9839214460540955,4.8,0.5714285714285714,12.350203672244604
seq_124,16,0.23268699960375833,99.99996355421102,0.998800203405376,5.8,0.26666666666666666,13.501550554895099
seq_125,9,0.544887687034463,99.99998318485139,0.999860095780867,6.4,0.625,14.406618262481429
seq_126,13,0.6328897400603883,4.552312357707532,0.8561390346365783,3.8,0.9166666666666666,10.825627148124758
seq_127,8,0.2685482578940118,5.792905013067487,0.9238705293775078,3.0,0.14285714285714285,9.750071749044773
seq_128,45,0.2958852802327793,15.757675777832251,0.9729448863601139,4.2,0.2727272727272727,11.58891916167894
seq_129,9,0.6389981932724716,3.762805680622342,0.8314851260012901,3.6,1.0,10.53610785992109
seq_130,14,0.7447569597423567,6.362039970760476,0.9245523545721885,3.3,0.9230769230769231,10.297194285337131
seq_131,17,0.19514388365156593,5.881692521307019,0.9059263688623178,3.5,0.0625,10.576698929160287
seq_132,8,0.5969862961866416,5.11818738383311,0.9452791194716482,3.4,0.0,10.146242125457732
seq_133,10,0.4361105497396349,9.835217657663327,0.9804113687543418,3.46,0.0,10.505461405336936
seq_134,8,0.3176607854073587,13.659785903093443,0.9752094032190496,5.2,0.42857142857142855,12.85731255374558
seq_135,2189,0.13604013033493909,99.99999999999999,0.965304887728637,7.1,0.1380255941499086,15.496416902980966
seq_136,8,0.5824375689844576,7.426156848972761,0.9821545604825965,3.02,0.0,9.908572198216541
seq_137,9,0.6739599323670225,6.093122246255719,0.969323704472372,3.2,1.0,10.143468168717153
seq_138,20,0.5110136485269929,27.349457389511898,0.9857650538829084,4.7,0.5789473684210527,12.119721227095619
seq_139,13,0.43384630463194485,5.306625308535622,0.9769391931216316,3.2,0.25,10.302334021735785
seq_140,10,0.6842338999360571,6.296608163659095,0.9672648244137977,4.8,0.6666666666666666,12.717975760571921
seq_141,68,0.4455605378232352,6.4634585055797995,0.944603477664855,4.4,0.6716417910447762,11.881781835024366
seq_142,10,0.3535518870063588,5.94302559113312,0.9557233598742995,3.6,0.1111111111111111,10.702554700957204
seq_143,8,0.4455519021466713,5.062761832496743,0.950204013516081,3.5,0.2857142857142857,10.66090772042469
seq_144,17,0.6507956507201693,74.01682911959429,0.9811636528365316,4.0,0.6875,10.917646938784804
seq_145,339,0.37020330869674595,5.979346788412397,0.9414307167417154,4.74,0.5946745562130178,12.47842773840792
seq_146,16,0.1775638675335093,10.804071091955953,0.761610636469605,3.8,0.13333333333333333,10.882069219109223
seq_147,30,0.43882054104449475,6.750077228861818,0.9689946234569261,3.54,0.3793103448275862,10.830253338452565
seq_148,32,0.4081381821412026,12.563056903095422,0.9653087410909171,3.9,0.41935483870967744,10.975805728047243
seq_149,9,0.2501484190813668,12.395825871745876,0.9496823810254562,6.8,0.0,15.011379276630478
seq_150,15,0.4867375515250704,4.94014989497433,0.968440136370518,3.2,0.7142857142857143,10.336022936789822
seq_151,21,0.2241801256783627,64.76935000830218,0.982365872471773,4.3,0.25,11.430418571673057
seq_152,8,0.4743955946309448,24.97407964092772,0.9914530254503423,3.5,0.5714285714285714,10.224837705958079
seq_153,9,0.4425748601416223,6.726960021607883,0.9880543434950168,4.7,0.0,12.425355387874447
seq_154,10,0.3883799349048406,60.17359985614142,0.9972755589630098,4.1,0.4444444444444444,11.005152119148418
seq_155,94,0.3309563377598579,99.99999999999999,0.983355650838829,4.89,0.3333333333333333,12.2499071436424
seq_156,11,0.8526941382146036,21.44774089750766,0.9532649618359852,3.96,0.9,11.025567162539465
seq_157,9,0.6801369954525468,99.99999935275643,0.9998417501455176,5.2,0.75,12.610543053829662
seq_158,10,0.6426554393917665,5.316290142537712,0.8809076339357336,3.5,0.8888888888888888,10.369942158779686
seq_159,22,0.6952525267179784,5.524224200899825,0.966199312702721,3.59,1.0,10.741355617747391
seq_160,8,0.49965985193600737,5.391284138858915,0.914861744564396,3.5,0.7142857142857143,10.447582218155096
seq_161,19,0.08307272902105624,99.99999999999999,0.9964266392422078,6.7,0.1111111111111111,14.86057724054433
seq_162,9,0.9295049820819398,99.99999999993507,0.9998510614889377,5.0,1.0,12.301095838204006
seq_163,18,0.42134064513338637,3.3478076061776068,0.7689039348824663,4.1,0.11764705882352941,11.33483699039777
seq_164,8,0.6627329960448849,27.197809190335445,0.9872490929979867,3.8,0.7142857142857143,10.673685719111832
seq_165,12,0.3374084107811268,13.006374770328474,0.9731257219098297,3.27,0.36363636363636365,10.091780146887356
seq_166,8,0.7571733582972097,28.372094321303596,0.9349067009995276,3.5,0.8571428571428571,10.23540937415691
seq_167,9,0.7563698080223998,40.82974768304504,0.9987044460888082,5.7,0.875,13.598564545370895
seq_168,11,0.47903358605956786,3.4902925380753214,0.9003934906255964,3.63,0.0,10.471058768115036
seq_169,8,0.4694655309451638,10.529892841584385,0.9704818135260507,4.1,0.42857142857142855,11.361625865107692
seq_170,20,0.6484336112332308,4.394286051188809,0.8203636938017262,3.76,0.7894736842105263,10.883569283571005
seq_171,9,0.6015326055333642,21.114083698742682,0.9937463071253082,4.1,0.0,11.079589906061914
seq_172,11,0.37199858246871764,5.203091422369058,0.9627490989058749,3.1,0.1,10.027328559074862
seq_173,8,0.10901215131607071,42.746528966126796,0.8663263906412553,3.54,0.14285714285714285,10.32272562687341
seq_174,13,0.6257061828393092,8.444589440128572,0.9576656001606838,3.7,0.8333333333333334,10.766293933149145
seq_175,8,0.23061984027671487,28.990527713310446,0.9807440468564241,5.3,0.2857142857142857,12.921094779755354
seq_176,8,0.6172204835451665,5.5519551142038885,0.9753074065153007,4.7,1.0,12.454868275763937
seq_177,37,0.022041765864047776,6.494698851438327,0.7407387536265546,5.0,0.027777777777777776,12.46346892458242
seq_178,8,0.4024071044723402,4.490447698731889,0.9244331878470473,3.1,0.14285714285714285,9.980343403882776
seq_179,8,0.4821992694633864,6.406002000289022,0.9422521142272717,3.3,0.7142857142857143,10.153160033508746
seq_180,13,0.48208443713485866,12.07123890359473,0.9737970504175495,3.9,0.5,11.032811210219196
seq_181,18,0.7044627686644616,18.963274200559226,0.9524900718983851,4.0,0.7647058823529411,11.084984593613372
seq_182,36,0.5677300877632536,5.680885449778393,0.9451648194191603,3.92,0.6857142857142857,11.235524512042419
seq_183,8,0.6010966493632943,99.99999985012396,0.9998460131694447,6.1,0.7142857142857143,13.975055291040192
seq_184,8,0.37936534635412844,23.341638581696277,0.9695774208392601,4.5,0.0,11.565113901487738
seq_185,14,0.28948687483393315,53.37600043613291,0.99014231618323,3.97,0.3076923076923077,10.960713575134038
seq_186,9,0.4780658051489069,7.706873714451836,0.9896341911738,3.6,0.0,10.727300778710504
seq_187,8,0.7298324685746095,5.433070940167875,0.9047622355310734,3.2,1.0,9.95522169574469
seq_188,9,0.8953040829069995,99.99999141094767,0.9856199134456837,4.5,1.0,11.603542119055552
seq_189,14,0.3397331209148981,7.902317335876646,0.9672072390410271,3.61,0.46153846153846156,10.684466261130162
seq_190,21,0.6778523375126837,65.88330491017497,0.9754295703847823,4.6,0.7,11.870273907446252
seq_191,14,0.5665269235898351,9.967859197649357,0.9650659832992435,3.72,0.6923076923076923,10.705621013753039
seq_192,8,0.6428730426067539,7.74408060055209,0.965320438256837,3.3,0.5714285714285714,10.223212025991176
seq_193,9,0.21030512702866955,56.2277301938602,0.9905023117029959,4.0,0.25,10.905754020045947
seq_194,13,0.22440689323640167,71.06421229092791,0.9544429071449961,4.0,0.25,10.950231979341439
seq_195,8,0.4772048408342554,46.604783584389615,0.9997833817158698,4.0,0.5714285714285714,10.85604372213183
seq_196,9,0.43297174683338835,6.975508388033247,0.9747127453299536,5.0,0.5,12.714569366516704
seq_197,8,0.31902200643852235,8.214816962753382,0.9556849094691192,4.8,0.2857142857142857,12.33416152987833
seq_198,35,0.6368257160777826,4.378972775554867,0.9222628231849629,3.91,0.9705882352941176,11.294746668027338
seq_199,9,0.4408852964098203,31.535351937604048,0.9937600706314194,3.7,0.5,10.512290377780724
seq_200,10,0.28970520693969715,3.478020454114667,0.7758528114664927,3.6,0.1111111111111111,10.550504664717337
seq_201,15,0.26261547186834167,74.06187121793967,0.9918717095728886,5.8,0.2857142857142857,13.611323512174684
seq_202,13,0.5216384103690402,5.059723553955075,0.8886702977918807,4.0,0.75,11.137980840265588
seq_203,10,0.6132806015642109,56.228348225402655,0.9952840381146592,4.0,0.6666666666666666,10.875189892554902
seq_204,21,0.5716759711007636,4.905107935602414,0.7897586019097742,3.9,0.75,10.926267503154062
seq_205,8,0.7585801222209198,45.90955076945428,0.995747027984162,4.03,0.8571428571428571,10.92968230528437
seq_206,11,0.255368489429523,4.71157382337615,0.8890867243448158,3.7,0.0,10.760911113283854
seq_207,8,0.887111394781961,37.45587308808787,0.7964339308529347,5.2,1.0,12.726173516811382
seq_208,8,0.22072751963203982,9.423669377432407,0.9263151367364275,4.1,0.14285714285714285,11.269997736772375
seq_209,9,0.48531998009823274,6.068329774769721,0.9872158630169715,2.9,0.625,9.79576716557604
seq_210,8,0.3623045533300262,20.810583553741807,0.977334453247269,5.0,0.42857142857142855,12.523993752529657
seq_211,33,0.22300784883399094,88.51006237704313,0.9960960522027092,4.7,0.25,12.149416832474225
seq_212,25,0.15247451901916745,64.80408480906966,0.8978779551236789,3.95,0.16666666666666666,10.974939617253618
seq_213,8,0.5429315727826723,4.950466571858515,0.9523500227304311,2.89,0.0,9.797509703585925
seq_214,8,0.6159816026617765,22.192831455842637,0.9603838858863022,5.0,0.7142857142857143,12.474837705958079
seq_215,9,0.7888430853073227,5.150255036347059,0.8167660434177743,5.7,0.0,13.46438144445092
seq_216,9,0.19049851053873487,54.3605472904199,0.9926672273404229,4.62,0.25,11.786071454622949
seq_217,13,0.6186983256911692,4.3869491737145045,0.8755891606938654,5.6,0.0,13.333343537202177
seq_218,27,0.5347561584551026,5.837843635526269,0.9339018396336004,6.7,0.0,14.855371955950957
seq_219,22,0.6711818231792828,4.878963916217362,0.9665316963978404,3.32,1.0,10.542287419410032
seq_220,8,0.4682881455340435,5.123499501609181,0.9649726060683257,3.0,0.14285714285714285,10.02258915247162
seq_221,8,0.5487908969681233,6.517153465480291,0.9828679652408475,5.2,0.0,12.705881215567848
seq_222,8,0.33548378473055884,10.19454178308007,0.9694981028618832,4.8,0.2857142857142857,12.52827182040584
seq_223,10,0.313910559079537,7.005351792826537,0.9579314116666091,3.25,0.3333333333333333,10.214439611606196
seq_224,21,0.25844606217988453,12.887388179382432,0.9129655477732341,6.0,0.35,13.991584487803998
seq_225,8,0.2842203377602118,12.461982720316247,0.9924581075063972,3.35,0.42857142857142855,10.233670329407051
seq_226,20,0.3947889363934196,12.976237842277504,0.9187546512980784,4.32,0.47368421052631576,11.460928216190515
seq_227,8,0.4013527546889659,6.96618376337147,0.9645538304276696,4.6,0.0,12.290063378206646
seq_228,30,0.018998647245872257,99.99999999999999,0.9503870373212189,4.87,0.034482758620689655,12.151657575099325
seq_229,10,0.6297690151229671,5.677065187400836,0.931728265635972,4.9,0.0,12.682376637029336
seq_230,19,0.534132233598011,13.835363664818994,0.9526108003289742,4.0,0.6111111111111112,11.004799628764763
seq_231,8,0.4789017857719928,3.244296841262818,0.8240739448490624,4.6,0.14285714285714285,12.205570203186378
seq_232,8,0.7486919225446873,28.47364590716908,0.9484419901135523,5.4,0.8571428571428571,13.039761770181595
seq_233,12,0.2376598052849199,99.99999999909367,0.9987527445933055,4.54,0.2727272727272727,11.632926416149841
seq_234,11,0.6799179177182958,8.192375202985556,0.9090681463289071,5.2,0.0,13.051272162985503
seq_235,8,0.3200625966081291,28.563146530650116,0.9969502889917069,3.87,0.42857142857142855,10.794972296383518
seq_236,8,0.30586213613843943,8.282516187269668,0.9687156552381585,4.7,0.42857142857142855,12.22968850352756
seq_237,8,0.3314075119434415,4.895403710115283,0.9269193570617074,5.3,0.0,12.959213545184683
seq_238,8,0.3515681570047941,34.319177773977934,0.9926590651077298,5.8,0.42857142857142855,13.744406969764979
seq_239,37,0.513813307555408,99.99999999999999,0.9917743935255489,5.51,0.5277777777777778,13.07463486604608
seq_240,9,0.09457784554690926,58.50984181493026,0.9072455386759906,5.9,0.125,13.76173246409993
seq_241,8,0.34854241754452453,99.99999947448379,0.999750880848056,6.8,0.42857142857142855,15.00114319730087
seq_242,9,0.5748302597215402,8.083797466738735,0.9744546753752884,3.59,0.0,10.416667091050655
seq_243,10,0.5351654903592373,5.251877533183814,0.9657820564623744,4.6,0.0,12.312863155530955
seq_244,9,0.0988020206671262,78.26587986835185,0.9984390052986786,4.29,0.125,11.384470823022484
seq_245,67,0.2345943205684156,99.99999999999999,0.982934474365303,5.8,0.24242424242424243,13.518562656135943
seq_246,10,0.39740596570209435,30.36249493488105,0.9343552269423913,3.7,0.4444444444444444,10.59978652365286
seq_247,8,0.747648557727578,99.99843388612292,0.997695110061424,5.9,0.8571428571428571,13.66626453458725
seq_248,9,0.40343963723392,3.662033248259892,0.8747095132635025,4.9,0.125,12.627470305750766
seq_249,10,0.38898736365826503,34.80868855948534,0.9827154901967807,4.17,0.4444444444444444,11.206892395160136
seq_250,12,0.6098600098801177,5.138868401605806,0.9509536715262212,4.5,0.9090909090909091,12.159996551789654
seq_251,8,0.6108195774003966,6.101967359732198,0.9851815583294541,4.6,0.5714285714285714,12.407279504968407
seq_252,16,0.38787377059836714,9.806241417850737,0.9534619318090901,3.74,0.5333333333333333,10.848223726393812
seq_253,34,0.20184052353440607,99.9999999999874,0.9374724740345979,4.59,0.21212121212121213,11.861957361892662
seq_254,8,0.3555187884444686,35.52784916479446,0.995588846230787,5.3,0.42857142857142855,12.848668168895246
seq_255,12,0.6640704840325576,3.153087943989102,0.8008886499117823,5.8,0.0,13.6082530194061
seq_256,9,0.09606524061213154,42.961157917894525,0.8882964895435713,3.5,0.125,10.244244810028222
seq_257,15,0.25331027900007663,99.99999999999999,0.9989939989501073,4.72,0.2857142857142857,11.904222824894203
seq_258,11,0.3468014581563855,99.99999999999896,0.9998334022202797,6.2,0.4,14.10700749210563
seq_259,61,0.04315013082231562,5.606733502932007,0.7017544008188654,6.8,0.03333333333333333,15.209523884276091
seq_260,11,0.3591623455981125,87.95630884944458,0.9999365028195013,6.1,0.4,13.970262299573843
seq_261,12,0.06957181132924327,77.66040835984721,0.9734256979843534,4.22,0.09090909090909091,11.244329086527522
seq_262,11,0.6481683599690763,10.020683081326853,0.9526182954077757,3.65,0.8,10.580749668672635
seq_263,207,0.20684758026256786,14.028801672958092,0.9117474179177765,4.93,0.1650485436893204,12.502737361505535
seq_264,9,0.6135983854304717,8.721024208085124,0.9497050934838083,3.35,0.0,10.21082653628609
seq_265,13,0.3466532311491751,5.722490087096092,0.9247543765388666,3.47,0.16666666666666666,10.587595929208533
seq_266,8,0.6683025783395927,4.5095115358870945,0.9059433642756466,4.7,1.0,12.241721323787184
seq_267,27,0.21019850490636022,13.666650089601504,0.9267916819613778,7.0,0.0,15.302886630780197
seq_268,11,0.41805011095078637,5.189152203473548,0.9709258526515537,4.5,0.0,12.311801960381729
seq_269,8,0.6462161746513676,14.188434157423877,0.9792368665059095,3.59,0.7142857142857143,10.440070753802345
seq_270,10,0.7078129925723389,5.411147243556674,0.8820517816298173,3.62,1.0,10.572610093212866
seq_271,10,0.1821482048192169,35.90091446350086,0.9700506987124939,5.2,0.2222222222222222,12.83683455521076
seq_272,8,0.48699157099592616,78.1195760115798,0.9998921319674802,6.1,0.5714285714285714,13.964208352104569
seq_273,8,0.4716927639226128,4.091206773149427,0.8405304165365087,3.55,0.8571428571428571,10.571626309944953
seq_274,10,0.39828061714606966,26.390062748331303,0.9680868496110363,5.0,0.4444444444444444,12.546161073366092
seq_275,9,0.5717286109448895,5.3422345174378805,0.9674628687057056,4.7,0.75,12.429579918136156
seq_276,9,0.1849547846690495,99.99999999999768,0.999823366025528,6.0,0.25,13.80637818800107
seq_277,8,0.8860026783111153,26.584266586057872,0.8398834295289856,3.5,1.0,10.264298448272214
seq_278,10,0.3068998149008635,35.75323077269828,0.9739263190884823,4.05,0.3333333333333333,11.067271861498485
seq_279,8,0.49383811844642966,8.503946018005003,0.977872633657505,5.2,0.5714285714285714,12.952263524718644
seq_280,15,0.40570129032011937,33.53490792956814,0.9860577443186009,5.3,0.42857142857142855,13.038663969875023
seq_281,19,0.19735448429244754,70.22947529910056,0.9269383812467138,5.6,0.2222222222222222,13.384411105528054
seq_282,12,0.4642183557267639,9.785463485514901,0.9457108595421737,5.0,0.45454545454545453,12.60519072995563
seq_283,11,0.5191612427606929,5.822551169203527,0.9725435441749727,4.6,0.0,12.43502398520329
