event,type,start,end,n_days,total_return_pct,baseline_surprise,mean_excess,sigma_final,sigma_range,epsilon_final,a_hat_sigma_t,sigmoid_k_sigma_t,sigmoid_r2_sigma_t,a_hat_epsilon_t,sigmoid_k_epsilon_t,sigmoid_r2_epsilon_t,hooke_r2,hooke_E,hooke_p,a_hat_sigma_eps,sigmoid_k_sigma_eps,sigmoid_r2_sigma_eps,surp_1st_half,surp_2nd_half,surp_acceleration,status
DotCom,crash,2000-03-24,2002-10-09,638,-47.204275895955035,1.4346496507445434,0.3458225144328746,220.63476420817386,221.11769098151484,14.283298767119728,0.6227803451801889,1.8111165889027316,0.9693000941822643,0.8529840847734439,11.719601391111487,0.6318657159037064,0.23860128266632685,4.111805013639112,1.451173703563419e-39,0.8556141967598907,54.42347758648857,0.44433650105735834,0.31230983381166305,0.37933519505408614,0.06702536124242309,OK
GFC,crash,2007-10-09,2009-03-09,356,-54.76741504083743,1.0483893713380459,1.0119846180271028,360.26652401764863,360.70265242340304,1.0265689749314937,0.9731890277359206,3.2650927621929537,0.9887673459142265,0.010000000001076658,0.5000000000000012,0.0,0.10369578165884714,-20.61607305810583,4.941862991070911e-10,0.9899999999780175,0.5000000000000001,0.0,0.6475236968154262,1.3764455392387798,0.7289218424233536,OK
COVID,crash,2020-02-19,2020-03-23,24,-33.40034983586197,0.8403432048083249,2.5899893692692704,62.159744862462496,62.28744373779192,1.7810342022775496,0.48835395288525413,2.180230713281292,0.9898979291756308,0.7659139737472742,5.104531114496559,0.9962644299918403,0.9051580445055104,29.774804423105714,9.830168154317815e-13,0.5786781172603416,5.704994543033313,0.9315157536314842,2.3782419831451893,2.801736755393352,0.42349477224816257,OK
Bear2022,crash,2022-01-03,2022-10-12,196,-24.05922226084173,0.8924064049844485,0.9775849225580557,191.6066448213791,191.6213662545096,9.581589089640731,0.5028320655302325,2.2698711819257977,0.9973724663499755,0.7193988620522926,5.587429167480847,0.9988394979217138,0.9379996681597454,17.953465053603132,4.2998292879681645e-119,0.5029368108575556,2.273321472246078,0.9973506125451475,0.9634067374732818,0.9917631076428298,0.028356370169548062,OK
Aug2011,correction,2011-07-07,2011-10-03,62,-17.519775621631027,0.9431025000856376,1.2556469529291665,77.85011108160829,77.40797517122645,3.5113039125247827,0.4450333436856498,5.107110250146668,0.9862667002890817,0.7078148785503019,5.381725667432694,0.9983946879595339,0.9106942799192795,21.177289301115387,3.606306536703562e-33,0.4450333436856498,5.107110250146668,0.9862667002890817,1.3502784485013193,1.1610154573570133,-0.189262991144306,OK
Aug2015,correction,2015-07-20,2015-09-29,51,-11.00432672225663,0.9072719766263577,0.7806331607768949,39.812291199621626,40.26254634023057,1.2870068804348445,0.5544725023217604,11.869679396685461,0.9834727627347403,0.7861783086251142,12.986500087098909,0.9717237213059009,0.686768410131314,27.88038364290166,6.041198844248843e-14,0.609086588537607,58.95662821730497,0.8385444856731411,0.4549485962637565,1.0937913958856815,0.638842799621925,OK
VolPocalyps,correction,2018-01-26,2018-03-23,40,-8.54799633349933,0.4665045852616668,1.492821074050515,59.71284296202062,58.07107389537323,3.8492694864835224,0.14735216856050048,3.9573901093653263,0.9711220135338243,0.7028807780202537,4.301039712113841,0.994753951779437,0.8126764977422712,10.824556053616602,2.142970348008762e-15,0.3564143154034461,4.81613355526909,0.8745431250490914,1.8350850469777373,1.1505571011232931,-0.6845279458544442,OK
Q4_2018,correction,2018-09-20,2018-12-24,66,-18.695351083539848,0.9405643411174258,0.8754066071892366,57.7768360744896,62.45745224100656,-3.02236449411059,0.35497730242242576,2.601922339030583,0.963390027084163,0.9899999999999991,0.5000000000000001,0.0,0.7696851330309337,-19.20622646500187,4.429475855942412e-22,0.010000000000590963,0.5000000000000017,0.0,0.8315408243710112,0.9192723900074622,0.08773156563645101,OK
Aug2019,correction,2019-07-26,2019-10-02,48,-3.5366078411981583,1.0481285290971816,0.4843500213948866,23.24880102695456,24.423229860176622,1.5998904325077716,0.15985573178273718,9.669805658979312,0.967096922729362,0.6589154676946235,5.205216432360618,0.9989961908405006,0.4994617996557806,9.813336708035166,1.9831325668132718e-08,0.1719680723758976,9.939348676230793,0.9575617700914528,0.8733978771877379,0.09530216560203515,-0.7780957115857027,OK
Tariff2025,correction,2025-02-19,2025-04-08,35,-18.56391191159201,0.9966940443675384,1.1477548057288294,40.171418200509024,40.80500177611967,1.029293934483953,0.9899999999999999,2.8238638379969516,0.9105965094041502,0.9889459969091261,3.0544781373488976,0.9862012359117822,0.9053389847520695,34.43578345395359,1.847240827858439e-18,0.9899999999999999,2.8238638379969516,0.9105965094041502,0.8120409278235811,1.4648179126393417,0.6527769848157606,OK
Calm_2003_4_DotC,calm,2003-04-15,2005-10-30,642,40.64449727935639,1.71153979355888,-0.6022873301924396,-386.66846598354584,386.87696658015136,-24.49875837845272,0.010000000245947752,0.5000000000000795,0.0,0.9899999999999983,0.5000000000000001,0.0,0.9604638604533371,13.43590308655088,0.0,0.3300447881502889,2.706160612138809,0.9947793096455825,-0.5143153642739245,-0.6902592961109545,-0.17594393183702994,OK
Calm_2004_4_DotC,calm,2004-04-15,2006-10-31,643,27.203446763855776,0.8795954311754001,0.1286314594722394,82.71002844064982,95.8002242001287,11.784766213534201,0.36321619706822456,1.8887202310347664,0.9541002153447846,0.8858540709258581,2.435568721984234,0.9689551447784046,0.9126364096189034,6.469386882197962,0.0,0.39404166352871123,1.810813322996728,0.9435427779110271,0.16714713434030934,0.09023539850127528,-0.07691173583903406,OK
Calm_2012_4_DotC,calm,2012-04-15,2014-10-31,642,54.80248776239556,1.6040869900147254,-0.4986952663697171,-320.1623610093582,320.0874640799165,-53.20415945387871,0.010000000000000108,0.5000000000000001,0.0,0.010000000000000038,0.5000000000000001,0.0,0.9971832855417256,6.499732562502074,0.0,0.2996678366415031,2.8875926388626403,0.9967531673825413,-0.40494651068163634,-0.5924440220577978,-0.18749751137616144,OK
Calm_2003_4_GFC,calm,2003-04-15,2004-09-13,356,30.00535731709302,1.71153979355888,-0.5272028850193707,-187.68422706689583,187.8287729031383,-14.237508276513907,0.01000000322926292,0.500000000000001,0.0,0.010000000000608255,0.5000000000000024,0.0,0.9537649055640888,10.418391962292647,2.174460461499776e-238,0.4371760696435319,5.451053226329615,0.9785376341643215,-0.46554343374359686,-0.5888623362951445,-0.12331890255154765,OK
Calm_2004_4_GFC,calm,2004-04-15,2005-09-14,358,11.234982301638574,0.8795954311754001,0.15263277364251443,54.64253296402018,56.730954506486114,5.913341357782503,0.15602705809062498,3.08332881334402,0.9588515463542304,0.9092789809599006,4.895035418885916,0.9683997849225735,0.7713629445273137,7.674211831905695,4.0739897034847894e-116,0.15986815293397633,2.836641174725612,0.9142411427300191,0.19398318228108152,0.11128236500394735,-0.08270081727713417,OK
Calm_2005_4_GFC,calm,2005-04-15,2006-09-14,358,16.751730706065793,0.8100544678791244,0.1964375579787654,70.32464575639801,71.57269349411587,5.1799568185508535,0.9835728138913344,3.067541126750505,0.962425344207764,0.9493913289057259,16.55248757663618,0.7487917080476396,0.6359260803084347,16.78940162501935,4.1234274135829764e-80,0.989999999998855,6.811914849855749,0.6070025116889546,0.15528609909280236,0.23758901686472841,0.08230291777192605,OK
Calm_2009_10_GFC,calm,2009-10-15,2011-03-16,357,18.332878948889174,1.7293178371320908,-0.3219141628559858,-114.92335613958694,117.02367388271826,4.981329748220215,0.010000000000000548,0.5000000000000001,0.0,0.5548684659344322,18.640977912781093,0.9909001882374681,0.5551665651343596,-8.281568504274139,2.0341431991318113e-64,0.01000000000000007,0.5000000000000001,0.0,-0.22749116958175766,-0.415809653374492,-0.18831848379273433,OK
Calm_2012_4_GFC,calm,2012-04-15,2013-09-14,356,26.886406543542375,1.6040869900147254,-0.42947721328535204,-152.8938879295853,152.5740968503754,-24.086312968613516,0.010000000032557218,0.5000000000003139,0.0,0.010000163330125298,0.5000000007002281,0.0,0.9900643406224698,6.45687844003675,0.0,0.36539722581875067,3.3196168373721355,0.9943679133544736,-0.3508164702090069,-0.5081379563616973,-0.15732148615269043,OK
Calm_2013_4_GFC,calm,2013-04-15,2014-09-14,358,28.537527314661947,0.8526264945961839,0.16648599162894429,59.60198500316203,61.65299479831929,-6.08067492464459,0.28225639849482687,4.4349583378448925,0.9503648330728744,0.010000000000000769,0.5000000000000001,0.0,0.5241185504678804,-7.202410694622173,2.2902494709473812e-59,0.010000000000004852,0.5000000000000001,0.0,0.23723258681051052,0.09573939644737801,-0.14149319036313251,OK
Calm_2016_4_GFC,calm,2016-04-15,2017-09-14,358,23.311443097763384,1.3178665477236386,-0.44979317678098685,-161.02595728759326,160.40862541623932,-28.94245462467961,0.010000000000000002,0.5000000000000001,0.0,0.010000000000000024,0.5000000000000001,0.0,0.9760766487282758,5.7504082121976605,1.1520131741136623e-290,0.329255684967172,5.940713455685455,0.9840099008829916,-0.2913722324333044,-0.6082141211286692,-0.31684188869536484,OK
Calm_2023_4_GFC,calm,2023-04-15,2024-09-13,356,38.677217051715985,1.5295590494290061,-0.3797126996641621,-135.17772108044161,138.83619935981875,-32.9936258631525,0.010000000000322674,0.5000000000000008,0.0,0.010000000000335739,0.5000000000000001,0.0,0.9847984633159113,4.305379285230509,0.0,0.4926249410216608,2.285060931613532,0.9915511043528178,-0.3947737016411548,-0.3646516976871692,0.030122003953985566,OK
Calm_2003_4_COVI,calm,2003-04-15,2003-05-18,23,6.655367819841329,1.71153979355888,-0.2946025931449264,-6.775859642333307,6.92040547857576,0.45639099490814994,0.010000000000000002,0.5000000000000001,0.0,0.49532207421421615,1.9158017631119366,0.9905926544410553,0.9003263246330183,-16.575062549003768,5.51428290618551e-12,0.010000000000000002,0.5000000000000001,0.0,-0.1154083024825791,-0.458864026252078,-0.3434557237694989,OK
Calm_2004_4_COVI,calm,2004-04-15,2004-05-18,24,-3.2983406479288435,0.8795954311754001,0.44805493230441656,10.753318375305998,10.825605030667777,0.2269688041548844,0.37639235341558386,2.473453719779489,0.9696302119438415,0.749557034089448,7.718123052672835,0.9911310858606384,0.7810512165012138,35.61049462266979,1.0429873869288634e-08,0.6028357865879805,12.896849086231391,0.829057031698669,0.4863336655491819,0.40977619905965135,-0.07655746648953055,OK
Calm_2005_4_COVI,calm,2005-04-15,2005-05-18,24,2.6087049335978385,0.8100544678791244,0.5096976162219699,12.232742789327276,10.780896782435056,0.5786187761191282,0.18294880622906853,3.6180390026126794,0.9774488813481169,0.44035613533792695,2.4734571862236154,0.9974330314193331,0.9510514186017796,17.805323866543382,6.651316459023767e-16,0.18294880622906853,3.6180390026126794,0.9774488813481169,0.7017606578314162,0.3176345746125235,-0.3841260832188927,OK
Calm_2006_4_COVI,calm,2006-04-15,2006-05-18,24,-1.942356142278412,0.7500326954432696,0.3913433489017571,9.39224037364217,9.660635783822128,0.036884723986248646,0.9461122241867679,10.200501118402514,0.9115104218117047,0.09220794636163458,30.12527136149763,0.17203044261048972,0.25522478852511504,-27.895235109224657,0.011799256909307576,0.9899999999999141,0.5000000000003656,0.0,0.1990865767751087,0.5836001210284056,0.384513544253297,OK
Calm_2007_4_COVI,calm,2007-04-15,2007-05-18,25,5.023402865114157,0.6306643692627798,0.20469560425880293,5.117390106470073,4.626609596529981,2.303089027001225,0.8424246660362176,2.2465923717380947,0.9203235260114726,0.5232457237590887,2.113491777303954,0.9993336313810361,0.9151736809528049,1.9600149387768442,8.1679043920784e-14,0.8424246660362176,2.2465923717380947,0.9203235260114726,0.20979136688764632,0.19999182337063975,-0.00979954351700657,OK
Calm_2009_10_COVI,calm,2009-10-15,2009-11-17,24,1.8571334653252114,1.7293178371320908,-0.10324208191013047,-2.4778099658431314,4.084266754198285,-0.2582546988889193,0.43643656470866704,199.9999999999836,0.4395913884108986,0.9899999855835027,0.5000000000090898,0.0,0.0404230808254364,-2.545907277073996,0.34616636446483445,0.010000000007525378,0.5000000000000001,0.0,0.014261978693472344,-0.22074614251373328,-0.23500812120720563,OK
Calm_2010_4_COVI,calm,2010-04-15,2010-05-18,24,-7.25310196277632,1.1617254946809652,0.8819313109755029,21.16635146341207,21.794204811598856,0.4556647636996487,0.6093892653626033,6.889853873031698,0.981210700803299,0.9899999999999999,6.374995101651907,0.9853994519618693,0.7923006037164763,55.59415457292317,5.801050817445838e-09,0.6220792964968138,7.374903183805378,0.9538766196068544,0.6019382867828033,1.1619243351682023,0.559986048385399,OK
Calm_2012_4_COVI,calm,2012-04-15,2012-05-18,25,-5.395923669006486,1.6040869900147254,-0.3479285532063387,-8.698213830158469,9.189177994121644,-2.1627961715443518,0.9899999775694271,0.5000000000000037,0.0,0.010000001187800674,0.5000000000002163,0.0,0.9656920216102021,4.394426376003526,2.400858172267384e-18,0.6675435737617432,2.839783529383007,0.9701306572938282,-0.44768422263856705,-0.25584639680735866,0.1918378258312084,OK
Calm_2013_4_COVI,calm,2013-04-15,2013-05-18,25,5.125970949346925,0.8526264945961839,0.46104444954837165,11.526111238709294,5.760950645308494,0.28628589720313813,0.05125458731174471,5.343875704545779,0.9469247252632942,0.5714834341003135,3.6703116931659023,0.9945523332204778,0.74631083688051,12.039099102943458,2.6523896451340956e-08,0.04574045165012555,4.670906838619493,0.9020904097522313,0.7968711829328908,0.15105054180881547,-0.6458206411240753,OK
Calm_2014_4_COVI,calm,2014-04-15,2014-05-18,23,2.7932811254013146,0.8211750402886533,0.07509006981341773,1.7270716057086073,1.5761111242994237,-0.03092164593733948,0.010000010269835116,0.5501896934473518,0.11115387664182264,0.09785754742622846,30.240529010648277,0.1309635166253702,0.002774789238052145,-0.3476424812714856,0.8113352980138354,0.9899999999999995,0.5000000900242535,0.00011865663053645115,0.1274001121152309,0.027139197703422286,-0.10026091441180861,OK
Calm_2015_4_COVI,calm,2015-04-15,2015-05-18,24,1.723239056524406,0.9795627105853769,0.04135170955150523,0.9924410292361254,3.0280432702486575,-0.4614852892041972,0.6145430918054112,26.4604719552323,0.6382328145189894,0.010000000000000052,0.5000000000000001,0.0,0.48337737209546416,-3.9386870931719407,0.00016251089343168696,0.010000000035830936,0.5000000000000001,0.0,-0.03314217629397598,0.11584559539698643,0.1489877716909624,OK
Calm_2016_4_COVI,calm,2016-04-15,2016-05-18,24,-1.4903308004922233,1.3178665477236386,-0.3551783620198332,-8.524280688475997,7.906948817122055,-1.2043940287694515,0.9899999999999769,0.5000000000000001,0.0,0.989999830478636,0.5000000000001816,0.0,0.9042151882993615,6.571906798648645,1.0965399615572876e-12,0.9799627792440354,3.842621439863754,0.9785539415535739,-0.5082862687954698,-0.20207045524419684,0.3062158135512729,OK
Calm_2017_4_COVI,calm,2017-04-15,2017-05-18,24,1.8322008198597528,0.5821164304300309,0.28892518808810275,6.934204514114466,6.578081832855185,-0.7280407238841922,0.9424767698293763,199.99999999999997,0.7772886706292244,0.010000000050834706,0.5000000000000862,0.0,0.10420983050129845,-2.53237986602703,0.12390926384100982,0.9899999996242664,0.5000000000000001,0.0,0.19290696076280897,0.38494341541339655,0.19203645465058758,OK
Calm_2019_4_COVI,calm,2019-04-15,2019-05-18,24,-1.4888202174778375,1.1389812155710257,0.037608991725057724,0.9026158014013852,7.805959965289686,-1.537994085313207,0.8115118463670504,199.99999683082982,0.6157563802034214,0.9899999436181917,0.5000000000002259,0.0,0.048137175206369946,-1.2068181854158415,0.30296985165513873,0.9095695023455925,26.47375663155212,0.08998914270559022,-0.5245916905859583,0.5998096740360738,1.124401364622032,OK
Calm_2020_10_COVI,calm,2020-10-15,2020-11-17,24,3.647291479396353,1.6357511512343117,0.12777283136015166,3.0665479526436403,7.715687067189605,-1.1455142556614646,0.3799898319046608,199.99999999999267,0.9369541923652838,0.9899999999998809,0.5000000000000001,0.0,0.6177161305991887,-6.550506997720943,5.321591045784639e-06,0.010000000000000002,0.5000000000000001,0.0,0.23991642148933368,0.015629241230969704,-0.22428718025836397,OK
Calm_2021_4_COVI,calm,2021-04-15,2021-05-18,24,0.11908840352448102,1.2199125717808017,0.05513546970204599,1.323251272849104,5.159133429897847,-0.33024299434086357,0.8212504904622242,199.99999998281868,0.4247315977236933,0.010000087791813075,0.5000000000231513,0.0,0.0009457917180155761,0.44232934932755386,0.8865647975446856,0.6605691614752229,57.67741042639486,0.14633239234648376,-0.1740531662733407,0.28432410567743266,0.4583772719507734,OK
Calm_2023_4_COVI,calm,2023-04-15,2023-05-18,24,1.6413842990107064,1.5295590494290061,-0.24697058023344498,-5.927293925602678,5.154505813677809,-1.031835844041669,0.010000000000000002,59.54138294243643,0.0,0.010000000115622928,0.5000000000000094,0.0,0.3765729524575706,3.096706326707336,0.0014264635140703082,0.20476177388392855,25.69062224281333,0.6824419987388941,-0.18413851130564818,-0.3098026491612417,-0.12566413785559355,OK
Calm_2024_4_COVI,calm,2024-04-15,2024-05-18,25,3.6409952549357305,0.9307100960575372,0.2438448618786788,6.09612154696697,5.458709313687785,-0.1689901405631815,0.4219220959188978,11.16398982900176,0.9671815992840629,0.010000000000000248,0.5000000000000001,0.0,0.4507456389164499,-24.16144716141574,0.0002385556462069838,0.010000000001862032,0.5000000000000001,0.0,0.3882571583384152,0.11054120360815284,-0.27771595473026234,OK
Calm_2003_4_Bear,calm,2003-04-15,2004-01-22,195,30.639092876468375,1.71153979355888,-0.4930807424915045,-96.1507447858434,96.29529062208586,-4.304822989408529,0.010000000000000002,0.5000000000000001,0.0,0.010000000000000106,0.5000000000000001,0.0,0.8801660700207712,18.412278952278495,7.395452663468834e-91,0.28443240289995303,9.347019969738042,0.8961544855588065,-0.327319946784054,-0.6571501015080629,-0.32983015472400884,OK
Calm_2004_4_Bear,calm,2004-04-15,2005-01-22,195,4.595281103596416,0.8795954311754001,0.19533571952075524,38.09046530654728,38.39118728612523,1.8061838410774862,0.2571573675989687,4.0355713224686784,0.9741542265793579,0.16251907690588527,7.934157979969347,0.9826428182392872,0.8497768346668856,19.57884965517184,2.2318513254287185e-81,0.33024462635816315,10.83077002000672,0.8822265325330378,0.2740399424601267,0.11743460089709165,-0.15660534156303504,OK
Calm_2005_4_Bear,calm,2005-04-15,2006-01-22,194,10.296421468954486,0.8100544678791244,0.17706072849143636,34.349781327338654,32.897935320446436,2.2191496423329644,0.6189183411438564,13.750716987646143,0.9371401106602191,0.1764289696063926,15.245323866508064,0.9321495168240101,0.4820370714757859,9.214814607505511,3.079522476155508e-29,0.8863731120971446,1.3289712481908766,0.48257908105638236,0.15495464440022855,0.19916681258264418,0.044212168182415634,OK
Calm_2006_4_Bear,calm,2006-04-15,2007-01-22,193,12.220141757651115,0.7500326954432696,0.17760491386719013,34.27774837636772,41.19142757080044,-0.9803848476351134,0.19511076600343547,17.90217981200918,0.9769092130054553,0.31621172949524434,29.967655800685872,0.3805464362256633,0.3811251071665642,5.4749350090679405,1.1609505653786965e-21,0.3549884142368742,31.01631116941458,0.5696030656002471,0.40738664232926597,-0.049807930796307534,-0.4571945731255735,OK
Calm_2009_10_Bear,calm,2009-10-15,2010-07-24,194,2.4534134025310683,1.7293178371320908,-0.2014066320269575,-39.0728866132298,61.11534229210528,2.501513817732169,0.9899999999999979,0.5000000000000001,0.0,0.883125397643016,22.39401060749873,0.9438664097177759,0.0146277931888078,-2.9351234508084607,0.09298448233678236,0.2558689683361609,77.35661854929613,0.32067307233021614,-0.3206730841040958,-0.08214017994981926,0.23853290415427653,OK
Calm_2010_4_Bear,calm,2010-04-15,2011-01-22,196,7.561023269392209,1.1617254946809652,0.3316108299960412,64.99572267922412,79.5569209855423,7.721527989700657,0.1307120807724556,7.508737935170815,0.9835483865666537,0.35860921021887443,6.638432699642284,0.999396265531572,0.8690899303364563,7.540184055311286,1.3614455808306957e-87,0.13047487961633425,7.479430679588511,0.9833410833947611,0.7274569932394541,-0.06423533324737171,-0.7916923264868259,OK
Calm_2012_4_Bear,calm,2012-04-15,2013-01-22,193,10.669224183840376,1.6040869900147254,-0.35041855108948655,-67.63078036027092,67.31098928106101,-12.721314879984668,0.010000000000000004,0.5000000000000001,0.0,0.010000000002972933,0.500000000000007,0.0,0.9504603829260397,5.789238596912575,1.3795846098847994e-126,0.39752600108347563,6.515819820768562,0.9858132135788633,-0.2861519638750725,-0.4140225961676694,-0.12787063229259688,OK
Calm_2013_4_Bear,calm,2013-04-15,2014-01-22,196,17.877254724939327,0.8526264945961839,0.2207947717669185,43.27577526631603,38.217690695210536,-0.49597193730950384,0.16439995596054832,3.797376883336048,0.9545627039381493,0.1636511233596017,26.986532229412052,0.1628986356357901,0.00025731650865094846,-0.38846178899695866,0.823416327067218,0.781826519686777,0.5000000000000001,0.000677744569455796,0.31969390307217904,0.12189564046165793,-0.1977982626105211,OK
Calm_2014_4_Bear,calm,2014-04-15,2015-01-22,195,14.356605393911014,0.8211750402886533,0.18795220050937705,36.65067909932853,43.658866087591214,-3.1420028711905577,0.864623606491559,7.505248477772823,0.8930975656880661,0.9899999999999999,0.5000000000000001,0.0,0.27752195327264884,-3.9645095822084397,2.558063263542975e-15,0.010000054124657796,0.5000000000449549,0.0,-0.012873678889473036,0.38672883624089194,0.399602515130365,OK
Calm_2016_4_Bear,calm,2016-04-15,2017-01-22,194,10.773845068316291,1.3178665477236386,-0.3279978454335006,-63.6315820140991,63.01425014274516,-7.9656062741951805,0.010000000000000002,0.5000000000000001,0.0,0.010000000000000002,0.5000000000000001,0.0,0.8049876467336086,8.54424422101908,4.490063806695855e-70,0.2203701543126997,11.548112698075498,0.7769077819779007,-0.3101030353826426,-0.3458926554843585,-0.03578962010171588,OK
Calm_2020_10_Bear,calm,2020-10-15,2021-07-24,194,27.816662724133103,1.6357511512343117,-0.3646345282871929,-70.73909848771545,75.63469024558037,-15.186559500450572,0.010000000000011508,0.5000000000000001,0.0,0.01000000062807043,0.5000000000000001,0.0,0.9596723880737303,4.617163325432582,8.06137161167443e-136,0.19266755251114437,3.2665529741786745,0.9675929477174003,-0.20601580900844338,-0.5232532475659424,-0.317237438557499,OK
Calm_2023_4_Bear,calm,2023-04-15,2024-01-22,193,18.540440537061343,1.5295590494290061,-0.40300077519833155,-77.77914961327794,77.00636150135307,-15.56916729450053,0.9899999999999948,0.5000000000000001,0.0,0.010000042190602274,0.5000000000015575,0.0,0.9644851025789087,4.431866481114714,2.1519554247327207e-140,0.6676343452345026,2.161217660615212,0.9848451849785206,-0.4147547937901222,-0.39136793205594084,0.023386861734181363,OK
Calm_2003_4_Aug2,calm,2003-04-15,2003-07-12,61,13.099582008936238,1.71153979355888,-0.2341025114283746,-14.280253197130847,14.4247990333733,0.9179907094687046,0.010000291015633505,0.5000000005650477,0.0,0.3874070575788001,6.881441462655832,0.9940888023818387,0.9332657828603461,-14.491181339884733,2.2255963145484692e-36,0.9899999605618006,0.5000000000000048,0.0,-0.20304895641634566,-0.26415433885937045,-0.0611053824430248,OK
Calm_2004_4_Aug2,calm,2004-04-15,2004-07-12,60,-1.06004311687119,0.8795954311754001,0.26658005088783276,15.99480305326997,16.5363966832385,1.0055858707298282,0.11663543388314318,4.420428293327344,0.9699635791615281,0.5344023120694718,6.50112987261851,0.9988111660507244,0.8327608649303312,11.397702837190238,3.415477376619492e-24,0.25677641143921737,5.246842978878985,0.915517043339828,0.391892095728671,0.14126800604699452,-0.2506240896816765,OK
Calm_2005_4_Aug2,calm,2005-04-15,2005-07-12,61,6.032196542420665,0.8100544678791244,0.21615925479889303,13.185714542732477,11.870073908443349,1.8489142939865761,0.08097499293595448,12.368837498133459,0.8342454363369504,0.6475566367723437,2.7440748066645932,0.99939186102382,0.40980464411111034,3.3363778072634247,2.7735422082887043e-08,0.08097499293595448,12.368837498133459,0.8342454363369504,0.39910300824252115,0.039116912756672326,-0.3599860954858488,OK
Calm_2006_4_Aug2,calm,2006-04-15,2006-07-12,61,-1.6338055129347717,0.7500326954432696,0.5138995811072727,31.347874447543635,31.616269857723594,1.0169264101015125,0.5635168684372155,5.883938397834054,0.9917058030427461,0.8482613921848559,10.415208308203132,0.9845219494112344,0.6841804077456974,30.67042733698165,2.124772894455761e-16,0.6530975121223629,34.27257731283503,0.7871674247794304,0.4102371512576939,0.6142180616068651,0.2039809103491712,OK
Calm_2007_4_Aug2,calm,2007-04-15,2007-07-12,62,6.699299938896508,0.6306643692627798,0.44440541579097503,27.553135779040456,27.062355269100365,4.202528894141068,0.7030299127011631,7.25744910914079,0.9875734020157863,0.19273072616279174,3.388196482391583,0.9915818839244783,0.7894409718460512,6.377180214882899,5.777790859341851e-22,0.7030299127011631,7.25744910914079,0.9875734020157863,0.18621391921868347,0.7025969123632666,0.5163829931445831,OK
Calm_2009_10_Aug2,calm,2009-10-15,2010-01-11,60,5.523439156609977,1.7293178371320908,-0.4027837105381572,-24.167022632289427,24.338166376611095,-0.11452821561698279,0.010000000000000134,0.5000000000000001,0.0,0.619751381125701,17.096932104818073,0.580454768057055,0.5496548659551103,-62.26072341179149,1.2456064447985112e-11,0.010000000000000083,0.5000000000000001,0.0,-0.1777355669213844,-0.6278318541549299,-0.45009628723354556,OK
Calm_2010_4_Aug2,calm,2010-04-15,2010-07-12,61,-10.434902395783329,1.1617254946809652,0.8388658851399319,51.17081899353585,51.79867234172264,2.8211728114362695,0.3174606484450729,3.184756309741707,0.9928057497616573,0.7081393679259012,5.040941862864791,0.9983845666376652,0.8993567214027051,16.976826664312654,4.159734171198311e-31,0.33799569320293144,3.3645199697140837,0.9899781922572057,0.895836462430172,0.7837330684074412,-0.11210339402273084,OK
Calm_2012_4_Aug2,calm,2012-04-15,2012-07-12,62,-2.142463443985465,1.6040869900147254,-0.16873700567377664,-10.461694351774153,10.49790797774938,-4.288323566909547,0.9899999999831901,0.5000000000000001,0.0,0.9899999097402289,0.5000000000000856,0.0,0.6034102720165802,1.6454493978868028,1.165468843200407e-13,0.8426651251224504,14.740517210020242,0.8864897335294125,-0.34729569743305044,0.009821686085497093,0.35711738351854755,OK
Calm_2013_4_Aug2,calm,2013-04-15,2013-07-12,63,6.043005866577178,0.8526264945961839,0.464920755201003,29.290007577663193,23.566852450693844,0.9842595144436272,0.7031573846989514,9.615767731652927,0.981167722796102,0.9899999999999999,3.129660764478049,0.9569677832484903,0.8992997362162531,25.30372294694246,4.189941947877173e-32,0.7043506508373016,9.816516296535994,0.9774632220782149,0.35326591176868566,0.5730863847760606,0.2198204730073749,OK
Calm_2014_4_Aug2,calm,2014-04-15,2014-07-12,61,7.98734332508646,0.8211750402886533,-0.10001977492277057,-6.101206270289005,8.17863399466068,-0.8296748264622552,0.010000000000000075,0.5000000000000001,0.0,0.010000000000000066,0.5000000000000001,0.0,0.8898961760806108,9.423908250116535,5.919683491773423e-30,0.26106350620020474,9.844234146954815,0.9722816806159909,0.04713326146263321,-0.24242593916670974,-0.2895592006293429,OK
Calm_2016_4_Aug2,calm,2016-04-15,2016-07-12,61,3.8738101512348244,1.3178665477236386,-0.07496847143520517,-4.573076757547516,20.367313944904023,-3.199719844064048,0.010000000000010329,0.5000000000000001,0.0,0.010000809063563425,0.5000000074005443,0.0,0.17857529753498425,2.142597610970949,0.0006922801629991027,0.7981838812706276,9.83788732031958,0.3607913003271003,-0.34355984994063266,0.1849586690539183,0.5285185189945509,OK
Calm_2017_4_Aug2,calm,2017-04-15,2017-07-12,61,5.457792887207402,0.5821164304300309,0.1827998306568784,11.150789670069583,10.794666988810302,-1.9034348093313558,0.36270162648061416,199.99999999999997,0.887332702727496,0.010000000114335786,0.5000000000000147,0.0,0.7353394790683163,-5.445650713790844,1.1174632122966666e-18,0.01000000001341528,0.5000000000000535,0.0,0.25884034838009223,0.1092122328602198,-0.14962811551987243,OK
Calm_2020_10_Aug2,calm,2020-10-15,2021-01-11,60,9.304811468041896,1.6357511512343117,-0.27250220391535507,-16.350132234921304,20.84951555574969,-3.2283623026185144,0.010000000000000002,0.5000000000000001,0.0,0.010000003849951613,0.5000000000034233,0.0,0.7233201539109577,6.504476344339999,8.004047416633388e-18,0.27150470007570604,12.102069727148754,0.9293734383238587,0.051895635846443716,-0.5969000436771539,-0.6487956795235976,OK
Calm_2021_4_Aug2,calm,2021-04-15,2021-07-12,61,6.576727762607137,1.2199125717808017,-0.16800883166599598,-10.248538731625755,11.600421980700114,-1.5099954396830446,0.010000000000000002,0.5000000000000001,0.0,0.010000000004295235,0.5000000000000937,0.0,0.7608785796068114,5.926641119333872,5.508724575193928e-20,0.3065641436883687,12.956599694381334,0.8166167890348002,0.016155901508861144,-0.34623276699650285,-0.362388668505364,OK
Calm_2023_4_Aug2,calm,2023-04-15,2023-07-12,60,8.538252321960638,1.5295590494290061,-0.3805002825922533,-22.8300169555352,22.057228843610332,-3.0841687726189817,0.010000000000000002,0.5000000000000001,0.0,0.010000011282618838,0.5000000000010552,0.0,0.9652148723081276,7.6171365545861,5.323486665080318e-44,0.17218629406341984,3.8985219762862804,0.9862161963123582,-0.24940162773172728,-0.5115989374527794,-0.26219730972105215,OK
Calm_2024_4_Aug2,calm,2024-04-15,2024-07-12,62,9.972895924769198,0.9307100960575372,0.0012878922546739095,0.07984931978978127,7.736317756230482,-1.0353683717633038,0.1166007943478933,41.619848069041915,0.1327338919159553,0.010000000000000016,0.5000000000000001,0.0,0.23097254310669726,3.702566363561532,7.703000673893932e-05,0.18971045113759583,27.605946335513803,0.6074419935064148,0.16258699776240104,-0.16001121325305323,-0.3225982110154543,OK
Calm_2003_4_Aug2,calm,2003-04-15,2003-06-25,50,10.041908973218327,1.71153979355888,-0.24160995673670885,-12.080497836835443,12.225043673077895,0.9256179671516956,0.01000000000984296,0.5000000000000063,0.0,0.4927312413153459,4.225903902388064,0.9965566173900737,0.9598109758890591,-12.767968683651224,3.682823310042426e-35,0.010000000008885884,0.5000000000000056,0.0,-0.17183276334391068,-0.3113871501295071,-0.1395543867855964,OK
Calm_2004_4_Aug2,calm,2004-04-15,2004-06-25,50,0.7633684169271904,0.8795954311754001,0.2873107586608875,14.365537933044378,15.00830690460875,0.8821340074089333,0.1396044989718156,4.214783109598956,0.9710631595859164,0.6415356937481184,5.501566663435878,0.9985623494608308,0.7987310255714356,12.355240257196773,2.4907972970210862e-18,0.3332802268373662,6.311417276698944,0.9012259904787555,0.42985042350094127,0.14477109382083372,-0.2850793296801075,OK
Calm_2005_4_Aug2,calm,2005-04-15,2005-06-25,50,3.1875557030457857,0.8100544678791244,0.2321286465234073,11.606432326170367,10.869166678096667,1.5162125271490374,0.10714510539534128,11.478528367998367,0.8433855255926447,0.7852118564445127,2.3778628164776268,0.9988497954761298,0.30929474969655957,3.6737611292255563,2.7493938319728515e-05,0.10714510539534128,11.478528367998367,0.8433855255926447,0.49175911715239645,-0.02750182410558181,-0.5192609412579783,OK
Calm_2006_4_Aug2,calm,2006-04-15,2006-06-25,49,-2.890220107967867,0.7500326954432696,0.5187552465393187,25.419007080426613,25.687402490606573,0.496988559828349,0.6442577921306191,6.003622732352893,0.9878995585903455,0.8875801516177181,15.645658551536659,0.925433129041901,0.4983805591679976,49.376216094374186,1.4624395472010734e-08,0.767568584414417,199.99999999895368,0.63411834764251,0.3913433489017571,0.6410706682713777,0.24972731936962062,OK
Calm_2007_4_Aug2,calm,2007-04-15,2007-06-25,50,3.5478503365166336,0.6306643692627798,0.39004960777366693,19.50248038868335,19.011699878743258,3.489541302106705,0.9272513656595303,5.349310657442861,0.9718422363590213,0.22464924487572907,3.773609188123797,0.9977679764596105,0.705010106158941,4.645713581513026,2.5513312846958772e-14,0.9272513656595303,5.349310657442861,0.9718422363590213,0.20469560425880293,0.5754036112885308,0.37070800702972784,OK
Calm_2009_10_Aug2,calm,2009-10-15,2009-12-25,50,3.4540157784412218,1.7293178371320908,-0.3414611557381256,-17.07305778690628,17.244201531227947,-0.06992790224070711,0.010000000000000132,0.5000000000000001,0.0,0.7574552205505348,13.19550647490943,0.4533380898908904,0.4712894583613305,-40.313153635621774,3.718567610557932e-08,0.010000000000001105,0.5000000000000001,0.0,-0.12699352325499796,-0.5559287882212531,-0.42893526496625517,OK
Calm_2010_4_Aug2,calm,2010-04-15,2010-06-25,51,-10.56752943510839,1.1617254946809652,0.8379977227479034,42.73788386014308,43.36573720832987,2.152453031091806,0.409650694903413,4.199573727778743,0.9933940509962864,0.7508170674310559,5.294439982016448,0.9983260743670496,0.881356817746983,19.771629130193276,2.5110745072632967e-24,0.42076380126109986,4.401122258097092,0.9894751212317644,0.86127412195259,0.8156165696664741,-0.0456575522861159,OK
Calm_2012_4_Aug2,calm,2012-04-15,2012-06-25,50,-3.7476719271695935,1.6040869900147254,-0.1554115872027608,-7.77057936013804,10.49790797774938,-3.7486515116107633,0.9899999999999791,0.5000000000000001,0.0,0.9899998980403077,0.5000000000026387,0.0,0.6666860719365904,2.0890384353590203,4.912885142092959e-13,0.8038625208011851,11.57525804663676,0.9018203301007254,-0.3479285532063387,0.03710537880081711,0.3850339320071558,OK
Calm_2013_4_Aug2,calm,2013-04-15,2013-06-25,51,0.3835436904227274,0.8526264945961839,0.5066978132853374,25.841588477552214,20.076427884151414,0.5886516494996029,0.9899999999999975,5.9966468196432485,0.9571851744413025,0.30646316697085924,2.559910503374458,0.960527293513757,0.7644736448476158,25.43619714724434,5.312836156059199e-17,0.9899999999999999,6.102145240159393,0.9473490722119147,0.46104444954837165,0.5505952784170353,0.08955082886866361,OK
Calm_2014_4_Aug2,calm,2014-04-15,2014-06-25,50,7.421677878422384,0.8211750402886533,-0.06759094252071705,-3.3795471260358525,5.461556750562062,-0.414003159087193,0.010000000000210455,0.5000000000000001,0.0,0.010000000000075868,0.5000000000000001,0.0,0.741665730345635,8.04349973950975,1.0312058700112016e-15,0.22656752964153387,14.03977005536884,0.9355254869962301,0.07089929298828043,-0.20608117802971457,-0.276980471017995,OK
Calm_2016_4_Aug2,calm,2016-04-15,2016-06-25,50,-1.7850105908239655,1.3178665477236386,-0.1474141028604413,-7.3707051430220645,20.367313944904023,-3.1030093929939735,0.010000055673307856,0.5000000001862431,0.0,0.010000037034387512,0.5000000000002404,0.0,0.8701773169581613,5.695665848465092,6.432517082432657e-23,0.4525255418902725,2.79676006161186,0.8717767474397436,-0.3608171662655985,0.06598896054471595,0.4268061268103145,OK
Calm_2017_4_Aug2,calm,2017-04-15,2017-06-25,49,5.0774848097380865,0.5821164304300309,0.14684082134691362,7.195200245998766,7.75156707784523,-1.4181485604134383,0.4517162850297225,199.99999999999997,0.9541215140117465,0.01000001995074893,0.5000000000199997,0.0,0.6275162279468952,-6.491157747684004,1.2041336646959194e-11,0.010000000000000045,0.5000000000000001,0.0,0.28892518808810275,0.010439829275372023,-0.27848535881273073,OK
Calm_2020_10_Aug2,calm,2020-10-15,2020-12-25,50,6.507905568434547,1.6357511512343117,-0.24948323666489652,-12.474161833244827,16.973545154073214,-2.508171242477478,0.010000000002496217,0.5000000000000002,0.0,0.01000000255757837,0.5000000000073379,0.0,0.4579328931188927,4.568060093904762,6.857636155800404e-08,0.1839388388630161,12.546291725658172,0.8252687600811126,0.1250632647268769,-0.6240297380566701,-0.749093002783547,OK
Calm_2021_4_Aug2,calm,2021-04-15,2021-06-25,51,4.0237125373024485,1.2199125717808017,-0.1252154094107419,-6.385985879947838,9.290209713331194,-1.3304484901574023,0.010000000000000002,113.39713440786386,0.0,0.010000000000000002,0.5000000000000001,0.0,0.575186611296534,4.737156543894548,1.1468134233761671e-10,0.2620387070856509,32.35800458280718,0.7183977650036821,0.04599800754130576,-0.28984369494155704,-0.3358417024828628,OK
Calm_2023_4_Aug2,calm,2023-04-15,2023-06-25,48,5.420937697071926,1.5295590494290061,-0.33631639343609493,-16.14318688493256,15.370398773007693,-2.174368547072284,0.010000000000055038,0.5000000000000001,0.0,0.010000004019385413,0.5000000000061032,0.0,0.910047471615361,7.294224360463835,1.0717331410287822e-25,0.15136814558535655,4.046186568872505,0.9650029635837905,-0.24697058023344498,-0.42566220663874493,-0.17869162640529995,OK
Calm_2024_4_Aug2,calm,2024-04-15,2024-06-25,50,6.99573725648599,0.9307100960575372,0.048722234130678194,2.4361117065339086,5.458709313687785,-0.5274692997122823,0.1901013961854906,33.16765293635901,0.6997986786079098,0.010000000003206885,0.5000000000000001,0.0,0.06008694822647741,-1.9605858503453886,0.08620778437609078,0.054716411490102625,37.98182721912503,0.0827789859281981,0.2438448618786788,-0.1464003936173224,-0.3902452554960012,OK
Calm_2003_4_VolP,calm,2003-04-15,2003-06-10,39,11.579482521883723,1.71153979355888,-0.24453930528920312,-9.537032906278922,9.681578742521374,0.83802817187185,0.010000000002867979,0.5000000000000017,0.0,0.7738623459658678,2.2511562424152585,0.9978402923237054,0.9354779630485349,-12.098369153525214,1.2829884719134024e-23,0.010000000002867979,0.5000000000000017,0.0,-0.2005834998869739,-0.286297320421321,-0.08571382053434709,OK
Calm_2004_4_VolP,calm,2004-04-15,2004-06-10,40,0.8466304628785837,0.8795954311754001,0.35405195275316215,14.162078110126487,14.250692646884067,0.6833476398201395,0.15035515455684312,4.019940562798523,0.9680539870312538,0.7536835824653317,4.95233346898007,0.997188186268476,0.7581064210856899,15.0797141992497,2.8496228360761205e-13,0.38510739244293757,13.486879158607493,0.8837184004990011,0.5074339541090912,0.20066995139723326,-0.30676400271185794,OK
Calm_2005_4_VolP,calm,2005-04-15,2005-06-10,40,3.8265863815058587,0.8100544678791244,0.2705716113034847,10.82286445213939,10.869166678096667,1.1538434133929463,0.10497219204639029,6.472900116092391,0.9752111265048442,0.7805413938767247,2.289577177839256,0.9970348974346127,0.6974116080592055,8.099232617646384,2.0847025148540195e-11,0.10497219204639029,6.472900116092391,0.9752111265048442,0.5449114995445037,-0.0037682769375343038,-0.548679776482038,OK
Calm_2006_4_VolP,calm,2006-04-15,2006-06-10,39,-2.610562331763888,0.7500326954432696,0.47341300397391134,18.463107154982545,18.731502565162504,0.1773527618573172,0.6760130204688816,7.938983487460918,0.9848230467788563,0.9899999999971688,0.5000000080401277,0.0,0.0006709568910903752,3.7606359364823705,0.8756182411479502,0.01000007389047106,0.5000000008243511,0.0,0.20856450680213823,0.7250190762870962,0.5164545694849579,OK
Calm_2007_4_VolP,calm,2007-04-15,2007-06-10,39,3.9360994648056646,0.6306643692627798,0.3190605032274175,12.443359625869284,11.952579115929193,2.977203904632631,0.9899999999999998,3.200854641222006,0.8772335278886461,0.353905384980871,3.897381719444643,0.9988349558409905,0.7739724506094705,2.526221457963577,1.657033568822555e-13,0.9899999999999998,3.200854641222006,0.8772335278886461,0.2058116559301966,0.42664690815977746,0.22083525222958086,OK
Calm_2009_10_VolP,calm,2009-10-15,2009-12-10,40,1.2167186840726485,1.7293178371320908,-0.2477262339440803,-9.909049357763212,10.08019310208488,-0.14508665901939322,0.010000000000578574,0.5000000000000001,0.0,0.8178403155087577,22.627621118736297,0.15958011544275175,0.17452667977032676,-14.850273348580998,0.007312296126538957,0.010000000000000007,0.5000000000000001,0.0,-0.05671097069124291,-0.4387414971969177,-0.38203052650567476,OK
Calm_2010_4_VolP,calm,2010-04-15,2010-06-10,40,-9.934836115780744,1.1617254946809652,0.9486445945779536,37.94578378311816,38.57363713130495,1.409682731227797,0.5113243200236451,3.556857049950937,0.9886890764420114,0.7970437575645868,5.760954978326752,0.9977016225289499,0.882088322441538,26.472269084346504,3.1230204545166204e-19,0.5214206859127881,3.8301405355241105,0.9818224984168966,0.9290059230277461,0.9682832661281614,0.03927734310041531,OK
Calm_2012_4_VolP,calm,2012-04-15,2012-06-10,39,-2.945864124528308,1.6040869900147254,-0.20148255124829703,-7.857819498683588,10.49790797774938,-3.1619910242361327,0.9899999999991699,0.5000000000000001,0.0,0.9899998463339234,0.5000000000002454,0.0,0.7732697901493344,2.8832910216811043,1.7557155410582597e-13,0.7467779331576708,8.21165317199698,0.9127152547901425,-0.4080091836913788,-0.005282250427369439,0.4027269332640093,OK
Calm_2013_4_VolP,calm,2013-04-15,2013-06-10,40,3.77832948111545,0.8526264945961839,0.4052140434946147,16.208561739784592,10.443401146383792,0.35678592728817227,0.9899999999997333,1.4787587959839772,0.8042415593762146,0.3563959489724253,6.47212339055827,0.9955055930349009,0.6743603205717899,13.565617554208977,8.543843903694036e-11,0.9899999999997322,1.427064634151262,0.7683869203432345,0.5327720527116668,0.2776560342775626,-0.25511601843410425,OK
Calm_2014_4_VolP,calm,2014-04-15,2014-06-10,39,6.920338601836207,0.8211750402886533,-0.03583279870450213,-1.397479149475583,3.4749068738472584,-0.21219912166752752,0.01669903616782184,199.99881487805646,0.01950825357654873,0.010000000000024774,0.5000000000000001,0.0,0.2620250147836145,3.645828848153405,0.0008654976458745861,0.12381627244749085,28.467664375995884,0.7834777874007086,0.07359365250600165,-0.13978792735448073,-0.2133815798604824,OK
Calm_2016_4_VolP,calm,2016-04-15,2016-06-10,40,0.990344788047115,1.3178665477236386,-0.4052991948343636,-16.21196779337454,16.26222173765808,-2.344435835432896,0.010000002998842416,0.5000000000069773,0.0,0.01000000031269727,0.5000000000000417,0.0,0.966772060352805,6.2357473466446915,1.058575354901263e-29,0.31204589059818255,2.0717556528473264,0.9440561505048305,-0.40734413085481364,-0.4032542588139135,0.004089872040900111,OK
Calm_2017_4_VolP,calm,2017-04-15,2017-06-10,39,4.687973838352177,0.5821164304300309,0.18992630571325264,7.407125922816853,7.75156707784523,-0.9543363833634005,0.5715927564601809,199.99999999999997,0.9558385333739912,0.9899999661476234,0.5000000000000108,0.0,0.6451816874641042,-8.723347315217636,7.572565599379325e-10,0.9899999993124028,0.5000000000000012,0.0,0.04095725390018296,0.33144690493566886,0.2904896510354859,OK
Calm_2020_10_VolP,calm,2020-10-15,2020-12-10,40,5.403396886975509,1.6357511512343117,-0.11939619621464408,-4.775847848585762,9.275231169414148,-1.889190558720725,,,,0.0100000408550706,0.5000000000473699,0.0,0.022773282746570724,0.8001422612328652,0.3526297221044369,0.12103095372509812,21.22631262054387,0.42470662408636084,0.1805628617030467,-0.4193552541323348,-0.5999181158353815,OK
Calm_2021_4_VolP,calm,2021-04-15,2021-06-10,40,2.9554031558585825,1.2199125717808017,-0.11544633200251378,-4.617853280100551,5.954413109344528,-0.8940944581765462,,,,0.010000000000000002,0.5000000000000001,0.0,0.09330891474622763,2.240566775148757,0.0552680169874407,0.07988218895538163,27.216527916753435,0.28669601511712595,0.016375777766243816,-0.24726844177127133,-0.26364421953751516,OK
Calm_2023_4_VolP,calm,2023-04-15,2023-06-10,39,4.228291268498863,1.5295590494290061,-0.30329725836810295,-11.828593076356015,11.055804964431147,-1.6016474016783078,0.010000000000054661,0.5000000000000001,0.0,0.010000002701468459,0.500000000000604,0.0,0.8220719389081586,6.138005291098791,1.9257193945328963e-15,0.32186653826539974,6.689085572249117,0.9181968053621415,-0.21136079337029642,-0.39063690011601915,-0.17927610674572272,OK
Calm_2024_4_VolP,calm,2024-04-15,2024-06-10,40,4.856587909439436,0.9307100960575372,0.12901200719143963,5.160480287657583,5.458709313687785,-0.407852394958237,0.2515797469450495,23.0112415286624,0.9362681087579022,0.010000000000000547,0.5000000000000001,0.0,0.2635433661764174,-5.085607798081067,0.000704875408498598,0.010000000000001313,0.5000000000000001,0.0,0.2993722688347235,-0.04134825445184428,-0.34072052328656777,OK
Calm_2003_4_Q4_2,calm,2003-04-15,2003-07-19,66,12.275946823395989,1.71153979355888,-0.24484606496362568,-16.159840287599295,16.390774315502636,0.9155421149293068,0.010000001962127043,0.5000000000010643,0.0,0.357040876031331,7.777502718927747,0.9939755801016662,0.9040063533858185,-15.487929213652302,2.819236941324038e-34,0.9899999999999959,0.5000000000000001,0.0,-0.21481702775967404,-0.2748751021675773,-0.060058074407903284,OK
Calm_2004_4_Q4_2,calm,2004-04-15,2004-07-19,65,-2.423094222878641,0.8795954311754001,0.23533917862713807,15.297046610763976,16.5363966832385,1.0941018864595211,0.10744358309447365,4.800113067419031,0.9722803905740068,0.5059779327074061,6.312453469841698,0.9976694781929845,0.8327387228842362,10.758589226492242,3.7663033487517675e-26,0.2375851452264701,5.730542586484013,0.9222796406091047,0.36130888736623695,0.11318673378922398,-0.24812215357701298,OK
Calm_2005_4_Q4_2,calm,2005-04-15,2005-07-19,66,6.691351879263685,0.8100544678791244,0.18755937608149606,12.378918821378742,11.870073908443349,1.986598706458668,0.06875502772614683,12.542360114999292,0.8316846369722378,0.5997237692394284,2.9536414993388087,0.9995179506619445,0.44301168266008056,3.1809397690320402,1.0791900295908057e-09,0.06875502772614683,12.542360114999292,0.8316846369722378,0.373364020757239,0.0017547314057531442,-0.37160928935148585,OK
Calm_2006_4_Q4_2,calm,2006-04-15,2006-07-19,66,-1.9147497029027516,0.7500326954432696,0.5363494264714347,35.39906214711469,35.66745755729465,1.2340386900475928,0.5530122473644664,5.294350501512312,0.9911713235516025,0.8225494904128604,9.819117806731473,0.9900789795954448,0.733777057168251,27.020214198671233,4.6759565242561346e-20,0.6259800767869456,22.39158276206753,0.817970746873318,0.47460479096787067,0.5980940619749987,0.12348927100712803,OK
Calm_2007_4_Q4_2,calm,2007-04-15,2007-07-19,67,7.169266491955306,0.6306643692627798,0.42463930615100537,28.450833512117367,27.960053002177276,4.61439328834169,0.6744043371701328,6.998925730726664,0.9900604536601862,0.20798838600498365,3.045889693830863,0.986785095144501,0.8265374615994158,6.850161969831135,2.032435449834374e-26,0.6744043371701328,6.998925730726664,0.9900604536601862,0.18828230598516807,0.6540446298413771,0.4657623238562091,OK
Calm_2009_10_Q4_2,calm,2009-10-15,2010-01-18,64,4.520914204620463,1.7293178371320908,-0.40232428351013166,-25.748754144648416,26.134256706531247,-0.16002208247824257,0.010000000000000002,0.5000000000000001,0.0,0.5642991023722901,20.750991205043682,0.562664451652513,0.4745618180949767,-66.81512749122138,3.124600254269007e-10,0.010000000000000002,0.5000000000000001,0.0,-0.16598968815622578,-0.6386588788640375,-0.4726691907078117,OK
Calm_2010_4_Q4_2,calm,2010-04-15,2010-07-19,66,-11.048423952034426,1.1617254946809652,0.8312276470570862,54.86102470576772,55.48887805395451,3.178319401112376,0.2896813670943819,3.06580883521319,0.9932261163818179,0.6992184102437711,4.805999295000392,0.9982040124834728,0.9058021570639097,15.956771074014354,1.5390968051452546e-34,0.2921643310623893,3.040408660079276,0.9908371621173924,0.9243747979862373,0.7380804961279355,-0.18629430185830187,OK
Calm_2012_4_Q4_2,calm,2012-04-15,2012-07-19,67,0.9505996651970383,1.6040869900147254,-0.18128943960650679,-12.146392453635956,11.826601374426055,-4.530821440251316,0.9899999994173618,0.5000000000000011,0.0,0.9899999170228926,0.5000000000001198,0.0,0.6487844361544088,1.6824959113522115,2.0676014927630673e-16,0.8551089426223091,14.396559860703444,0.853734221893401,-0.32780906233209933,-0.039079217549314066,0.2887298447827853,OK
Calm_2013_4_Q4_2,calm,2013-04-15,2013-07-19,68,7.093912214127962,0.8526264945961839,0.4241042297597673,28.839087623664177,23.566852450693844,1.0900828484814438,0.644865998173954,10.931053850001256,0.9845491582219899,0.9899999999999999,3.39772464965959,0.9717750244411398,0.9045199133575754,23.29769113700706,2.2323635329550426e-35,0.6463084832454297,11.161096437753464,0.9815975740633887,0.3885274658593219,0.4596809936602127,0.07115352780089079,OK
Calm_2014_4_Q4_2,calm,2014-04-15,2014-07-19,66,8.591561535158654,0.8211750402886533,-0.06890666179610247,-4.547839678542763,9.085614712634362,-1.2621434190148242,0.010000000000000026,0.5000000000000001,0.0,0.0100000000000003,0.5000000000000001,0.0,0.8351102846629135,7.428135297687954,9.664646047694684e-27,0.32213316648278045,11.011821084465428,0.9699006890648691,0.01604087626230674,-0.15385419985451165,-0.1698950761168184,OK
Calm_2016_4_Q4_2,calm,2016-04-15,2016-07-19,66,4.4730128260697555,1.3178665477236386,-0.09814563281391399,-6.477611765718321,20.367313944904023,-3.1996098756689655,0.7565602297638392,199.99999999999977,0.16311297791328982,0.01000000225884817,0.500000000004708,0.0,0.10389630488325144,1.554062653291912,0.008304455360737666,0.8477616168992229,11.472085076220962,0.29436777131604464,-0.37204742493031395,0.17575615930248598,0.5478035842328,OK
Calm_2017_4_Q4_2,calm,2017-04-15,2017-07-19,66,6.74570610452323,0.5821164304300309,0.16548356256006802,10.921915128964491,10.794666988810302,-2.09579283125107,0.3059793809375551,3.0207525324906146,0.8178064780644725,0.01000000397214097,0.5000000000000018,0.0,0.7718623977704561,-5.221058378598663,3.2640691333444054e-22,0.010000061861758017,0.5000000000545534,0.0,0.24568756845771247,0.08527955666242357,-0.1604080117952889,OK
Calm_2020_10_Q4_2,calm,2020-10-15,2021-01-18,64,8.441765624260867,1.6357511512343117,-0.30318910259918513,-19.40410256634785,23.903485887176235,-3.5655748041456667,0.010000000000000007,0.5000000000000001,0.0,0.010000000011603626,0.5000000000000001,0.0,0.7845283175617149,6.812103532870405,2.454371118701408e-22,0.3000073256391109,11.652259069661527,0.9433834352455029,0.00948466191940826,-0.6158628671177785,-0.6253475290371867,OK
Calm_2021_4_Q4_2,calm,2021-04-15,2021-07-19,66,3.6238499543292946,1.2199125717808017,-0.14793317478362575,-9.763589535719298,13.297815049284587,-1.5889897371802584,0.010000000000000002,0.5000000000000001,0.0,0.010000008543645881,0.5000000000001392,0.0,0.8004575433039025,6.439572381647315,4.415592001201083e-24,0.2993209532008378,10.086369859849043,0.8583227601459611,-0.03116561593186332,-0.26470073363538815,-0.23353511770352484,OK
Calm_2023_4_Q4_2,calm,2023-04-15,2023-07-19,65,10.772192353179989,1.5295590494290061,-0.40757405132530167,-26.492313336144605,25.719525224219737,-3.480190546710289,0.010000000000000002,0.5000000000000001,0.0,0.010000000001031843,0.5000000000000026,0.0,0.9754537527344204,7.703475900661472,1.9512187068973963e-52,0.16436191244604048,3.811256536006247,0.9899380314500656,-0.2710153564474465,-0.5399946039341309,-0.2689792474866844,OK
Calm_2024_4_Q4_2,calm,2024-04-15,2024-07-19,67,7.8126840561178135,0.9307100960575372,0.035041981288701854,2.347812746343023,7.736317756230482,-1.4173653099644534,0.09874552761206438,46.05183382981508,0.09508282611124863,0.010000000000001575,0.5000000000000001,0.0,0.27448034454112546,3.1836596715623595,5.369257974408739e-06,0.26376542540508474,37.050346778369594,0.6135617670364788,0.16785163792939206,-0.09386150898020337,-0.26171314690959546,OK
Calm_2003_4_Aug2,calm,2003-04-15,2003-06-22,47,12.19689500574046,1.71153979355888,-0.23284551542410112,-10.943739224932752,11.088285061175206,0.9264748622824706,0.01000000024179285,0.5000000000000845,0.0,0.5568470947611848,3.25198276551239,0.9977658422772755,0.9592294094536713,-12.407319821506132,6.521922831516134e-33,0.010000000240260112,0.5000000000000837,0.0,-0.2946025931449264,-0.17366164927497696,0.12094094386994941,OK
Calm_2004_4_Aug2,calm,2004-04-15,2004-06-22,47,0.7013587481056849,0.8795954311754001,0.3017211269629466,14.18089296725849,15.00830690460875,0.8488071932763914,0.14801240511137473,3.971970158599793,0.9686968905833547,0.6817913243496941,5.189024577907462,0.9982498186478729,0.7965458384020425,13.116987055311332,3.6348247366965125e-17,0.3548490904796187,6.259928263156083,0.893213001983664,0.46636056589888975,0.14394166464933447,-0.3224189012495553,OK
Calm_2005_4_Aug2,calm,2005-04-15,2005-06-22,48,5.4338130163068765,0.8100544678791244,0.14907356628524923,7.155531181691964,10.869166678096667,1.4489468077750827,0.11199100956894732,11.108488719833778,0.8412065166662238,0.7913159509036954,2.3657691558980556,0.9985966457628455,0.30037702067021094,3.8540791593820756,5.5231625954696415e-05,0.11199100956894732,11.108488719833778,0.8412065166662238,0.5096976162219699,-0.21155048365147144,-0.7212480998734413,OK
Calm_2006_4_Aug2,calm,2006-04-15,2006-06-22,48,-2.874594468781033,0.7500326954432696,0.5269730670978809,25.29470722069828,25.56310263087824,0.4604483137577292,0.655742503616565,5.927487930177381,0.9870904264960614,0.8926144586049244,16.354791116943108,0.9086783264996867,0.46857493064242545,51.600888948739254,8.095436211726938e-08,0.7836739680033458,199.99999999810086,0.6114929204093639,0.3913433489017571,0.6626027852940046,0.27125943639224753,OK
Calm_2007_4_Aug2,calm,2007-04-15,2007-06-22,49,4.045471193768746,0.6306643692627798,0.3895393176916062,19.08742656688871,18.596646056948618,3.439477806420551,0.9899999999999998,4.971694239634496,0.9693166060131015,0.2434231064095947,3.9081091456587167,0.9980365704253411,0.6991284168041225,4.471446797493685,7.577445160243091e-14,0.9899999999999998,4.971694239634496,0.9693166060131015,0.18785060915551552,0.5831604778862531,0.3953098687307376,OK
Calm_2009_10_Aug2,calm,2009-10-15,2009-12-22,48,2.764204859578312,1.7293178371320908,-0.31471869018144205,-15.106497128709217,15.277640873030885,-0.08109853214137941,0.010000000000000037,0.5000000000000001,0.0,0.7665746188145933,14.087453020410358,0.39480274822844164,0.4127589820795884,-35.07997206751873,8.532222627607043e-07,0.010000000000000214,0.5000000000000001,0.0,-0.10324208191013047,-0.5261952984527536,-0.42295321654262313,OK
Calm_2010_4_Aug2,calm,2010-04-15,2010-06-22,48,-9.158128333167747,1.1617254946809652,0.8664901118147484,41.591525367107934,42.219378715294724,1.9512680336865778,0.4358656477292685,3.9477716817102966,0.9925280839475741,0.7655341508143402,5.369400348679596,0.9982076925840374,0.8849815401624539,21.310039041540765,3.098982333599843e-23,0.44728620143167264,4.163319056458881,0.9880886294635542,0.8819313109755029,0.8510489126539942,-0.03088239832150874,OK
Calm_2012_4_Aug2,calm,2012-04-15,2012-06-22,49,-2.1791280799698276,1.6040869900147254,-0.16837411253097037,-8.250331514017548,10.49790797774938,-3.702662494541512,0.989999999999976,0.5000000000000001,0.0,0.01000000002109828,0.5000000000000006,0.0,0.6843974910498842,2.1645326779774434,2.3535765898023455e-13,0.7997037788409724,11.153855634681271,0.9045950554124043,-0.3545955787840369,0.010398495071973591,0.3649940738560105,OK
Calm_2013_4_Aug2,calm,2013-04-15,2013-06-22,49,0.7000315154156889,0.8526264945961839,0.499483726229379,24.474702585239577,18.709541991838776,0.5230169857195556,0.9899999999999888,5.886375560601676,0.940315034149723,0.23947491854759248,3.2010711991547995,0.9713422351012106,0.7280769150279203,22.991224397463192,6.898002658205124e-15,0.9899999999999999,5.994745466973045,0.9264714566963769,0.46021241172208693,0.5371841881563792,0.07697177643429232,OK
Calm_2014_4_Aug2,calm,2014-04-15,2014-06-22,47,7.619400085877359,0.8211750402886533,-0.06164082610540224,-2.897118826953905,4.974546551325581,-0.36841261504823253,0.010000000000000089,0.5000000000000001,0.0,0.010000000000000002,0.5000000000000001,0.0,0.6636375705294811,7.140750273638805,3.2400766135209316e-12,0.22009446548701064,18.07422060207963,0.9177302425913157,0.07509006981341773,-0.19267460136093806,-0.26776467117435576,OK
Calm_2016_4_Aug2,calm,2016-04-15,2016-06-22,48,0.5635689470755656,1.3178665477236386,-0.4371801211720409,-20.984645816257963,20.367313944904023,-2.953632997039505,0.010000000105518917,0.5000000000000777,0.0,0.010000000001163316,0.5000000000000001,0.0,0.9823311736848167,6.304217347155743,5.723828534784015e-42,0.21027637760204557,2.790362901955889,0.9704149010292148,-0.3551783620198332,-0.5191818803242486,-0.1640035183044154,OK
Calm_2017_4_Aug2,calm,2017-04-15,2017-06-22,48,4.952125652801875,0.5821164304300309,0.154774258883917,7.429164426428015,7.75156707784523,-1.3594344811050223,0.46136411091075136,199.99999999999997,0.953907990968579,0.01000000000166819,0.5000000000000001,0.0,0.6375033707214887,-6.794893771229739,1.0591177185165519e-11,0.01000000001940938,0.5000000000000118,0.0,0.28892518808810275,0.020623329679731236,-0.2683018584083715,OK
Calm_2020_10_Aug2,calm,2020-10-15,2020-12-22,48,5.99989591711223,1.6357511512343117,-0.21593621952897504,-10.3649385373908,14.864321858219187,-2.372280860639563,0.010000000002771991,19.213339169457914,0.0012407756308627782,0.010000000074188456,0.5000000000001323,0.0,0.37239313579012306,3.8735794496663076,4.124544562731505e-06,0.1906616682111855,14.619769952184587,0.7779517949163061,0.12777283136015166,-0.5596452704181017,-0.6874181017782535,OK
Calm_2021_4_Aug2,calm,2021-04-15,2021-06-22,48,3.1703118232485172,1.2199125717808017,-0.10578706782680963,-5.077779255686862,9.290209713331194,-1.2584496566540775,0.010000000000000002,101.95060864018171,0.0,0.010000000000000002,0.5000000000000001,0.0,0.5115316132107449,4.753265625498884,1.1187676264312886e-08,0.21294236939142494,29.731025508190505,0.6776112605932219,0.05513546970204599,-0.26670960535566524,-0.3218450750577112,OK
Calm_2023_4_Aug2,calm,2023-04-15,2023-06-22,47,6.223995723830877,1.5295590494290061,-0.33709619412780023,-15.843521124006612,15.070733012081744,-2.0977996544615705,0.010000000000124342,0.5000000000000001,0.0,0.01000000123867735,0.5000000000024198,0.0,0.9021756991724671,7.216681433650633,2.395141221550479e-24,0.1464757625617084,4.025574164301951,0.9615224257974174,-0.25061495614926416,-0.41997404719056397,-0.16935909104129981,OK
Calm_2024_4_Aug2,calm,2024-04-15,2024-06-22,48,6.932904609234836,0.9307100960575372,0.06577329834777298,3.157118320693103,5.458709313687785,-0.4951212062154283,0.20168861948432693,30.946532138455083,0.7978192258191661,0.010000000000000116,0.5000000000000001,0.0,0.1180991680116302,-2.8105225380743724,0.01677993789139053,0.030360037533036396,43.106378477392774,0.02962607649676674,0.26544361588024423,-0.13389701918469826,-0.3993406350649425,OK
Calm_2003_4_Tari,calm,2003-04-15,2003-06-02,33,9.443474680529352,1.71153979355888,-0.21481702775967404,-7.088961916069243,7.233507752311696,0.6997878461578845,0.989999999075201,0.5000000000000198,0.0,0.7774210573621421,2.161257214049085,0.995780572933271,0.8891443323594834,-11.954574619495645,2.3463467578773394e-16,0.989999999075201,0.5000000000000198,0.0,-0.2220942597586717,-0.20796786823120564,0.014126391527466059,OK
Calm_2004_4_Tari,calm,2004-04-15,2004-06-02,34,-0.22929133120185297,0.8795954311754001,0.32696367656701153,11.116765003278392,11.887542332740463,0.5100244389463477,0.2454888733245313,4.96422042325891,0.9746889529257016,0.7849226910015433,5.1444006230274075,0.9954798766878754,0.7113702743016439,18.08799727432437,3.8048400729888373e-10,0.43071520718527323,16.372148332413364,0.8899293660400086,0.5215375852439813,0.13238976789004187,-0.38914781735393944,OK
Calm_2005_4_Tari,calm,2005-04-15,2005-06-02,34,4.310335040630142,0.8100544678791244,0.3559770788744424,12.103220681731042,10.869166678096667,0.9212704528803413,0.13427269070287107,5.001419944529843,0.9829651092134944,0.7096091457956776,2.199446269049873,0.9957937808248989,0.8407711628143374,11.502129353640479,2.591749348254138e-14,0.13427269070287107,5.001419944529843,0.9829651092134944,0.5368825087395157,0.17507164900936895,-0.36181085973014676,OK
Calm_2006_4_Tari,calm,2006-04-15,2006-06-02,34,0.2253110827204141,0.7500326954432696,0.46757893240573517,15.897683701794998,16.166079111974955,0.06860691358669546,0.726503601781664,8.458957366354479,0.9760262998493724,0.010000015248135383,0.5000000000052273,0.0,0.2262969044376066,-62.776397866696605,0.004461788307413821,0.010000247073001024,0.5000000005145818,0.0,0.1346777154324729,0.8004801493789976,0.6658024339465247,OK
Calm_2007_4_Tari,calm,2007-04-15,2007-06-02,34,6.028064047308823,0.6306643692627798,0.1842394713196176,6.264142024866999,5.825542918278748,2.8317410162029266,0.6048294713868994,2.3590097223383717,0.960027312601896,0.39885460761100355,2.7680190213386076,0.9991277985892636,0.9524944496879642,2.0412182984268252,9.634212523219202e-23,0.6048294713868994,2.3590097223383717,0.960027312601896,0.14553508554014336,0.22294385709909187,0.07740877155894851,OK
Calm_2009_10_Tari,calm,2009-10-15,2009-12-02,34,1.7748003170281024,1.7293178371320908,-0.18280675654371584,-6.215429722486339,6.386573466808007,-0.18462169251863547,0.010000000000000002,77.80566363267556,0.0,0.9142116952902523,30.712010095422837,0.03532417124511189,0.05328595798300082,-5.24008789415337,0.18902184335988104,0.010000000005572841,0.5000000000000001,0.0,-0.06524747375265015,-0.30036603933478156,-0.2351185655821314,OK
Calm_2010_4_Tari,calm,2010-04-15,2010-06-02,34,-8.961131764142461,1.1617254946809652,0.934131385135373,31.76046709460268,32.38832044278947,1.0117065073986973,0.5235687604564514,4.791980596740726,0.9863292213000464,0.81076941860111,6.459959357732908,0.997355101282946,0.8530965923588637,31.71925144615874,7.0926638112221905e-15,0.533154620033813,5.123254410794583,0.9758376010273904,0.8318211218980238,1.036441648372722,0.20462052647469808,OK
Calm_2012_4_Tari,calm,2012-04-15,2012-06-02,34,-6.548022388752206,1.6040869900147254,-0.22481603570942993,-7.643745214120621,10.49790797774938,-2.8270839017519167,0.9899999093600924,0.500000000000867,0.0,0.9899999999999752,0.5000000000000001,0.0,0.9215960538986373,3.717036487021604,2.965027542047073e-19,0.7456425516876438,4.494257387623101,0.9517959598980226,-0.377167181738372,-0.07246488968048798,0.304702292057884,OK
Calm_2013_4_Tari,calm,2013-04-15,2013-06-02,34,2.928218264018434,0.8526264945961839,0.3885274658593219,13.209933839216944,7.444773245816144,0.3192349066825765,0.012676012933240345,6.1046960546376585,0.9058781884372253,0.42339102996317296,5.375436564728493,0.995368311747299,0.7276495309625193,9.788654636974627,1.4872979024317208e-10,0.010000000000124099,5.746223361784333,0.8729651079828201,0.6466870838388212,0.13036784787982228,-0.516319235958999,OK
Calm_2014_4_Tari,calm,2014-04-15,2014-06-02,33,5.44441490993115,0.8211750402886533,0.01604087626230674,0.5293489166561225,1.7385093110946426,-0.1280080013238457,0.010000000000017875,30.565131503008814,0.21857870339873087,0.010000008995593461,0.5000000000022661,0.0,0.04499431880398257,-0.971373902758718,0.2359823309135525,0.739164266229756,0.5000000000000039,0.0,0.08234621314327521,-0.046364146684487115,-0.12871035982776233,OK
Calm_2016_4_Tari,calm,2016-04-15,2016-06-02,34,1.3941879464577145,1.3178665477236386,-0.3827944560396043,-13.015011505346544,12.397679633992603,-1.8442119746126742,0.9899999999999379,0.5000000000000001,0.0,0.010000006779283293,0.5000000000110395,0.0,0.9446288618638831,5.815237214198041,1.1223583825582859e-21,0.9899999999997379,2.180109909141061,0.9500453195330668,-0.49630565944812965,-0.2692832526310789,0.22702240681705077,OK
Calm_2017_4_Tari,calm,2017-04-15,2017-06-02,34,5.014820367608652,0.5821164304300309,0.23792309251933136,8.089385145657266,7.75156707784523,-0.8700983400919192,0.6586533734070876,199.99999999999014,0.9467082612476315,0.9899999288706713,0.5000000000007655,0.0,0.5642064037241635,-8.465768480634422,3.0857326769027156e-07,0.9899999989116587,0.5000000000022504,0.0,0.07570125524381602,0.4001449297948468,0.32444367455103074,OK
Calm_2020_10_Tari,calm,2020-10-15,2020-12-02,34,5.420608411789818,1.6357511512343117,-0.019320249165917402,-0.6568884716411911,7.715687067189605,-1.5550822293361377,0.25810770929078597,185.7857230041356,0.7098696531210598,0.010000017221939668,0.5000000000324247,0.0,0.15802530846738735,-2.105605190882809,0.019906432458599587,0.06919191439527111,44.25572005181117,0.05349897540478776,0.2500948274063721,-0.28873532573820687,-0.5388301531445789,OK
Calm_2021_4_Tari,calm,2021-04-15,2021-06-02,34,2.1582430442159684,1.2199125717808017,-0.04820089733677777,-1.6388305094504438,5.17244198629272,-0.5681499981394887,0.567239876264386,199.99999999999997,0.4507943643239769,0.010000000000000129,0.5000000000000001,0.0,0.042284848275206774,-2.0708796329496453,0.24332912452860997,0.010000000000189463,0.5000000000000001,0.0,-0.22564012688522017,0.1292383322116646,0.35487845909688476,OK
Calm_2023_4_Tari,calm,2023-04-15,2023-06-02,34,3.748252541858599,1.5295590494290061,-0.24594326349200035,-8.362070958728012,8.172736603994608,-1.3970692331645411,0.010000075726175643,0.5000000000724986,0.0,0.010000000458941697,0.5000000000000487,0.0,0.7442352716723005,5.36958317661536,5.3861385820712946e-11,0.3599942528638855,12.576682121274429,0.8977605479805302,-0.16457176050406672,-0.32731476647993396,-0.16274300597586724,OK
Calm_2024_4_Tari,calm,2024-04-15,2024-06-02,34,3.2338191400065552,0.9307100960575372,0.17153292123686562,5.832119322053431,5.458709313687785,-0.40208718296362567,0.2989181942190121,18.950641715525315,0.9422691407529982,0.010000000000000021,0.5000000000000001,0.0,0.24419546298725248,-6.050284192558942,0.002973750141924431,0.010000000000000002,0.5000000000000001,0.0,0.36873978736826213,-0.025673944894530832,-0.39441373226279297,OK
